"Product_ID","Product_Name","Product_Description","Weight","Price"
"PR00001","Solar Console","Sleek and modern",2.17,820.07
"PR00002","Portable Action Cam","Eco-friendly",17.79,711.42
"PR00003","Budget Drone","Durable",0.69,214.56
"PR00004","Solar Monitor","Innovative technology",2.95,557.12
"PR00005","Waterproof Mouse","Durable",2.51,811.8
"PR00006","Portable VR Headset","Ergonomic",8.68,378.94
"PR00007","Premium Power Bank","Eco-friendly",6.32,42.29
"PR00008","Multi-Function Nintendo","Ergonomic",9.69,515.74
"PR00009","Foldable Nintendo","Compact design",13.96,536.61
"PR00010","Advanced Monitor","Innovative technology",15.29,243.38
"PR00011","Lite External Hard Drive","User-friendly",2.99,500.39
"PR00012","Gaming VR Headset","User-friendly",2.69,945.59
"PR00013","Retro Mouse","High quality",15.75,797.51
"PR00014","Rugged Smartwatch","Compact design",4.64,982.49
"PR00015","HD Drone","Sleek and modern",15.19,137.23
"PR00016","Ultra Gaming Chair","Ergonomic",6.66,359.62
"PR00017","Budget Keyboard","Durable",12.05,723.03
"PR00018","Solar Drone","Ergonomic",4.38,684.11
"PR00019","Rugged Recorder","Sleek and modern",8.96,275.08
"PR00020","Advanced VR Headset","User-friendly",17.79,144.18
"PR00021","Eco Smart Glasses","Eco-friendly",5.29,390.53
"PR00022","Premium Gaming Chair","Compact design",13.52,177.71
"PR00023","Smart Keyboard","Innovative technology",11.55,323.76
"PR00024","Dual-Screen Drone","Versatile use",14.05,518.26
"PR00025","AI-Powered Action Cam","Versatile use",1.1,807.88
"PR00026","Gaming Recorder","High quality",11.82,888.25
"PR00027","Magnetic Nintendo","Energy efficient",8.54,642.76
"PR00028","Magnetic Headphones","Energy efficient",11.02,279.73
"PR00029","Retro Smartphone","Eco-friendly",1.16,354.33
"PR00030","Advanced Laptop","Energy efficient",9.47,910.99
"PR00031","Retro Router","Ergonomic",13,733.91
"PR00032","Vintage Laptop","User-friendly",4.67,130.82
"PR00033","Ultra Smart Glasses","Energy efficient",0.73,144.18
"PR00034","High-Resolution Console","Durable",1.11,438.91
"PR00035","Slim Drone","User-friendly",12.36,694.31
"PR00036","Rugged Action Cam","Energy efficient",19.96,286.65
"PR00037","Ultra Recorder","High quality",4.11,707.07
"PR00038","High-Performance Smartphone","High quality",18.93,68.26
"PR00039","Premium Earbuds","User-friendly",14.18,700.09
"PR00040","Mini Printer","Durable",5.97,119.92
"PR00041","Compact Smartwatch","Eco-friendly",10.8,510.07
"PR00042","SD Headphones","Innovative technology",1.47,478.48
"PR00043","SD Smartwatch","User-friendly",4.01,402.88
"PR00044","Premium Keyboard","User-friendly",8.23,604.66
"PR00045","Rugged Keyboard","User-friendly",18.54,304.05
"PR00046","Mini Gaming Chair","Energy efficient",11.16,587.65
"PR00047","Budget Nintendo","Energy efficient",1.89,713.3
"PR00048","Noise-Cancelling Action Cam","Compact design",9.78,815.18
"PR00049","Ultra-Light Laptop","Versatile use",4.44,124.37
"PR00050","Multi-Function Action Cam","Eco-friendly",11.43,500.36
"PR00051","Pro Smart Glasses","Innovative technology",16.01,134.64
"PR00052","Magnetic Mouse","Eco-friendly",15.99,195.21
"PR00053","Smart VR Headset","Sleek and modern",8.67,524.49
"PR00054","SD Headphones","Durable",15.47,119.82
"PR00055","Multi-Function Action Cam","Durable",5.21,241.25
"PR00056","Vintage Power Bank","User-friendly",16.39,602.62
"PR00057","Sleek Smartphone","Ergonomic",6.22,141.33
"PR00058","Magnetic Action Cam","Sleek and modern",11.06,257.03
"PR00059","Ultra-Light Earbuds","Compact design",0.72,885.41
"PR00060","High-Resolution Keyboard","Innovative technology",6.05,255.65
"PR00061","Gaming Router","Versatile use",12.66,753.44
"PR00062","Touch Headphones","Compact design",14.47,54.57
"PR00063","Sleek Keyboard","Eco-friendly",1.65,801.32
"PR00064","Magnetic Smart Speaker","Innovative technology",15.66,869.99
"PR00065","High-Resolution Smartphone","High quality",18.43,135.77
"PR00066","Compact Smart Glasses","Sleek and modern",9.07,519.56
"PR00067","Wireless Console","Innovative technology",19.4,509.36
"PR00068","Portable Power Bank","Compact design",12.31,668.26
"PR00069","Touch Keyboard","Energy efficient",2.37,140.8
"PR00070","Advanced Smartphone","Ergonomic",6.72,401.17
"PR00071","Slim Router","Durable",13.35,861.91
"PR00072","Ultra Router","Sleek and modern",0.88,69.31
"PR00073","Sleek Camera","Eco-friendly",6.57,135.15
"PR00074","High-Performance Nintendo","High quality",10.51,377.29
"PR00075","Vintage Earbuds","Versatile use",13.76,372.39
"PR00076","Ultra Action Cam","High quality",0.92,247.29
"PR00077","Portable Mouse","Eco-friendly",17.23,168.44
"PR00078","Ultra-Light Recorder","Durable",19.86,549.79
"PR00079","Foldable Laptop","Energy efficient",19.92,820.32
"PR00080","Smart VR Headset","Sleek and modern",1.07,298.94
"PR00081","Vintage Fitness Tracker","Energy efficient",12.39,332.27
"PR00082","Sleek Laptop","Ergonomic",12.55,76.41
"PR00083","Retro Monitor","Durable",7.68,28.76
"PR00084","SD Recorder","Versatile use",18.78,256.76
"PR00085","HD Smartwatch","Sleek and modern",4.46,83.49
"PR00086","Eco Drone","Compact design",7.8,574.24
"PR00087","Sleek Printer","Energy efficient",8.28,504.25
"PR00088","Multi-Function Smartphone","Energy efficient",11.79,492.14
"PR00089","Vintage Router","Sleek and modern",9.4,397.82
"PR00090","Solar Fitness Tracker","Versatile use",15.57,508.28
"PR00091","Magnetic Smartwatch","Compact design",1.65,647.96
"PR00092","Portable Camera","Compact design",7.71,393.05
"PR00093","Sleek Earbuds","Ergonomic",1.64,101.69
"PR00094","Retro Smart Glasses","Ergonomic",11.82,366.28
"PR00095","Wireless Headphones","Ergonomic",17.63,72.34
"PR00096","HD Smart Glasses","Ergonomic",15.83,395.45
"PR00097","Magnetic Printer","Versatile use",8.9,262.28
"PR00098","Portable Earbuds","Eco-friendly",5.65,892.21
"PR00099","SE External Hard Drive","High quality",15.13,787.74
"PR00100","Slim Smartwatch","Energy efficient",5.41,475.13
"PR00101","Heavy-Duty Recorder","Eco-friendly",0.83,379.93
"PR00102","High-Speed Smartwatch","Innovative technology",12.13,943.39
"PR00103","High-Speed Tablet","Durable",14.08,64.56
"PR00104","Advanced Gaming Chair","Versatile use",7.29,974.26
"PR00105","Noise-Cancelling Mouse","Durable",17.89,520.04
"PR00106","HD VR Headset","User-friendly",15.63,442.9
"PR00107","Sleek Drone","Ergonomic",18.25,584.5
"PR00108","Sleek Nintendo","Versatile use",5.5,111.46
"PR00109","Smart Printer","High quality",8.58,437.4
"PR00110","Ultra Fitness Tracker","Versatile use",17.4,612.65
"PR00111","Waterproof Router","Innovative technology",3.59,418.64
"PR00112","Foldable Power Bank","Durable",3.44,393.28
"PR00113","Solar Laptop","Sleek and modern",17.8,870.49
"PR00114","Noise-Cancelling Laptop","High quality",16.83,770.05
"PR00115","Budget Fitness Tracker","High quality",14.91,299.12
"PR00116","Foldable Tablet","Innovative technology",17.67,855.69
"PR00117","SE Printer","High quality",4.43,612.83
"PR00118","Retro Laptop","Sleek and modern",17.98,821.56
"PR00119","Wireless Smart Glasses","Versatile use",9.97,791.2
"PR00120","Smart Earbuds","Ergonomic",2.18,988.19
"PR00121","Sleek Gaming Chair","Ergonomic",0.62,681.79
"PR00122","Slim Drone","Compact design",10.39,789.57
"PR00123","Mini Laptop","Innovative technology",5.2,575.06
"PR00124","High-Speed Gaming Chair","Innovative technology",0.98,560.07
"PR00125","HD VR Headset","Energy efficient",3.51,948.73
"PR00126","Ultra Smartphone","Sleek and modern",5.11,620.43
"PR00127","Noise-Cancelling Smart Glasses","Energy efficient",1.23,691.55
"PR00128","Advanced Laptop","Compact design",18.4,190.48
"PR00129","AI-Powered Gaming Chair","Eco-friendly",10.34,865.5
"PR00130","Portable Printer","Innovative technology",4.32,671.91
"PR00131","Sleek Monitor","Eco-friendly",6.62,429.36
"PR00132","Retro eReader","User-friendly",3.03,995.58
"PR00133","Heavy-Duty VR Headset","High quality",4.79,364.04
"PR00134","SD Gaming Chair","Durable",17.43,316.55
"PR00135","Gaming Tablet","Eco-friendly",3.02,412.45
"PR00136","Touch Drone","Versatile use",7.51,795.05
"PR00137","Slim Headphones","Sleek and modern",18.26,400.5
"PR00138","Dual-Screen Console","Energy efficient",9.11,296.75
"PR00139","Heavy-Duty Router","Ergonomic",18.56,24.06
"PR00140","Magnetic Mouse","User-friendly",2.84,468.25
"PR00141","Gaming Router","Innovative technology",3.71,41.14
"PR00142","High-Resolution Fitness Tracker","Compact design",6.96,357.52
"PR00143","Magnetic VR Headset","Compact design",15.12,727.13
"PR00144","Smart Headphones","Compact design",9.63,471.99
"PR00145","Smart Fitness Tracker","Compact design",11.73,427.74
"PR00146","Ergonomic Fitness Tracker","Sleek and modern",1.68,923.52
"PR00147","Ergonomic Mouse","Durable",14.79,943.21
"PR00148","Budget Earbuds","High quality",8.15,587.29
"PR00149","High-Performance Mouse","Innovative technology",5.01,826.37
"PR00150","Pro Smartwatch","Versatile use",7.63,920.87
"PR00151","Solar External Hard Drive","Compact design",1.29,745.75
"PR00152","Waterproof Earbuds","Durable",7.11,421.56
"PR00153","Touch Keyboard","User-friendly",2.67,31.42
"PR00154","SD Headphones","High quality",13.71,709.06
"PR00155","Ultra-Light Smart Speaker","Energy efficient",5.28,914.89
"PR00156","Ergonomic eReader","Innovative technology",19.1,757.83
"PR00157","Ultra Router","Eco-friendly",11.23,980.27
"PR00158","Eco Keyboard","High quality",9.44,274.21
"PR00159","Foldable Smart Glasses","Sleek and modern",14.82,665.47
"PR00160","Premium Monitor","User-friendly",19.56,964.86
"PR00161","Noise-Cancelling Laptop","Energy efficient",3.46,107.01
"PR00162","Budget Mouse","Ergonomic",10.32,518.19
"PR00163","Slim Printer","Sleek and modern",4.62,868.72
"PR00164","Wireless External Hard Drive","Eco-friendly",13.71,992.3
"PR00165","Smart VR Headset","Ergonomic",3.64,449.48
"PR00166","Solar Earbuds","High quality",6.6,901.5
"PR00167","Smart Tablet","Eco-friendly",7.72,126.25
"PR00168","Rugged Smartphone","Energy efficient",1.67,84.8
"PR00169","Foldable Printer","Innovative technology",14.96,981.77
"PR00170","HD Printer","Innovative technology",3.12,973.25
"PR00171","Mini Smartphone","Versatile use",5,178.45
"PR00172","Dual-Screen Action Cam","Eco-friendly",6.41,623.08
"PR00173","Eco Console","Energy efficient",17.18,978.82
"PR00174","Rugged eReader","Sleek and modern",7.13,465.55
"PR00175","Smart Earbuds","High quality",7.61,662.98
"PR00176","Mini Tablet","User-friendly",17.4,85.13
"PR00177","Mini Laptop","Energy efficient",10.51,939.63
"PR00178","High-Resolution Smart Glasses","Versatile use",17.27,870.87
"PR00179","Multi-Function Router","Sleek and modern",15.22,818.64
"PR00180","High-Performance Monitor","Sleek and modern",13.23,501.72
"PR00181","Heavy-Duty Fitness Tracker","Durable",7.21,454.63
"PR00182","Touch Mouse","Innovative technology",1.58,510.75
"PR00183","Eco Smartwatch","Versatile use",8.86,932.35
"PR00184","Rugged Drone","Versatile use",15.67,612.77
"PR00185","Ergonomic Keyboard","Innovative technology",8.62,122.78
"PR00186","Ergonomic External Hard Drive","Energy efficient",16.75,49.88
"PR00187","High-Speed Headphones","High quality",12.53,958.4
"PR00188","Eco External Hard Drive","User-friendly",12.08,316.06
"PR00189","Mini Tablet","High quality",17.99,706.97
"PR00190","Mini Console","High quality",3.97,865.32
"PR00191","SD Smart Speaker","Durable",15.07,519.55
"PR00192","HD Camera","User-friendly",15.75,687.06
"PR00193","Foldable Keyboard","Durable",6.27,716.4
"PR00194","HD Power Bank","Durable",4.88,160.66
"PR00195","Ergonomic Recorder","Versatile use",4.45,972.46
"PR00196","Pro Fitness Tracker","Sleek and modern",6.5,793.92
"PR00197","High-Performance Printer","High quality",5.71,527.01
"PR00198","Ergonomic Laptop","Durable",16.39,544.58
"PR00199","High-Resolution eReader","User-friendly",8.02,615.87
"PR00200","High-Performance Smart Glasses","Versatile use",12.61,788.38
"PR00201","Premium Keyboard","Versatile use",9.8,372.57
"PR00202","Advanced External Hard Drive","Eco-friendly",18.89,81.97
"PR00203","SE Tablet","Sleek and modern",18.41,658.63
"PR00204","High-Resolution Keyboard","Versatile use",15.2,707.01
"PR00205","HD Recorder","Sleek and modern",9.35,656.44
"PR00206","Heavy-Duty Desk Lamp","Durable",19.7,875.2
"PR00207","SE Smart Glasses","High quality",7.5,203.41
"PR00208","Ultra Desk Lamp","Innovative technology",0.83,338.45
"PR00209","Gaming Camera","Energy efficient",4.62,236.86
"PR00210","AI-Powered Router","High quality",2.24,249.46
"PR00211","Gaming eReader","Versatile use",12.49,872.62
"PR00212","Heavy-Duty Smartphone","Sleek and modern",15.37,924.88
"PR00213","Smart Desk Lamp","Ergonomic",6.75,201.33
"PR00214","Wireless Monitor","High quality",11.53,184.73
"PR00215","Eco Tablet","Sleek and modern",6.16,860.3
"PR00216","Rugged Headphones","Innovative technology",1.97,875.76
"PR00217","HD Gaming Chair","Versatile use",2.63,986.19
"PR00218","HD Desk Lamp","Innovative technology",15.39,717.59
"PR00219","Premium Laptop","Durable",10.23,589.51
"PR00220","Eco Drone","Ergonomic",5.68,276.51
"PR00221","High-Resolution Nintendo","Compact design",9.68,435.44
"PR00222","Waterproof Monitor","Compact design",11.54,710.86
"PR00223","Solar Action Cam","Energy efficient",9.77,676.71
"PR00224","Ultra Recorder","Versatile use",9.61,505.06
"PR00225","Ergonomic Smart Speaker","Compact design",9.76,77.67
"PR00226","Ultra Monitor","Eco-friendly",17.84,993.34
"PR00227","High-Performance Earbuds","Durable",11.8,882.72
"PR00228","Advanced Nintendo","Sleek and modern",17.05,401.37
"PR00229","Eco Smartphone","User-friendly",10.41,313.87
"PR00230","Noise-Cancelling Tablet","Ergonomic",7.8,154.75
"PR00231","AI-Powered Earbuds","Compact design",7.64,793.69
"PR00232","Mini Camera","User-friendly",16.09,589.7
"PR00233","Solar Monitor","Compact design",8.7,831.49
"PR00234","Heavy-Duty Fitness Tracker","Innovative technology",13.62,156.64
"PR00235","Pro Nintendo","High quality",5.08,181.92
"PR00236","Ultra Camera","User-friendly",3.36,187.52
"PR00237","Ultra Fitness Tracker","High quality",3.27,734.35
"PR00238","High-Resolution Recorder","Ergonomic",2.39,694.36
"PR00239","High-Speed Earbuds","Sleek and modern",10.42,322.32
"PR00240","HD External Hard Drive","Durable",5.31,719.36
"PR00241","Gaming eReader","Ergonomic",14.62,90.31
"PR00242","Smart Headphones","Sleek and modern",10.47,946.9
"PR00243","Slim Mouse","Ergonomic",19.28,714.59
"PR00244","Ultra Monitor","High quality",6.24,397.96
"PR00245","Retro Smart Speaker","Innovative technology",10.9,234.63
"PR00246","Foldable Console","Eco-friendly",15.2,674.29
"PR00247","Wireless Smartphone","Durable",18.56,483.6
"PR00248","Pro Console","Versatile use",13.59,262.92
"PR00249","Advanced Gaming Chair","Durable",6.77,598.46
"PR00250","Solar Smartphone","Innovative technology",3.07,537.02
"PR00251","Mini Gaming Chair","Compact design",19.84,962.78
"PR00252","Budget Nintendo","Eco-friendly",6.3,43.26
"PR00253","Noise-Cancelling Printer","Sleek and modern",4.04,477.18
"PR00254","Dual-Screen Smartwatch","High quality",11.32,53.6
"PR00255","High-Speed External Hard Drive","Energy efficient",13.36,992.72
"PR00256","AI-Powered Nintendo","Energy efficient",12.79,727.71
"PR00257","Multi-Function Mouse","Ergonomic",8.76,778.66
"PR00258","Ultra-Light External Hard Drive","Ergonomic",6.71,456.97
"PR00259","Ultra Mouse","Durable",0.79,380.12
"PR00260","Foldable Action Cam","Versatile use",1.27,22.52
"PR00261","Gaming Keyboard","User-friendly",3.76,70.13
"PR00262","Mini Camera","Versatile use",13.67,31.04
"PR00263","Wireless eReader","Versatile use",15.78,46.43
"PR00264","Rugged Smart Glasses","Compact design",4.76,695.33
"PR00265","High-Speed Desk Lamp","High quality",11.75,647.1
"PR00266","Rugged Console","Compact design",3.52,721.67
"PR00267","Magnetic Camera","Eco-friendly",7.88,142.68
"PR00268","Budget Camera","Ergonomic",19.24,694.4
"PR00269","Wireless Router","User-friendly",17.83,721.23
"PR00270","AI-Powered Recorder","Sleek and modern",9.66,727.2
"PR00271","Eco Laptop","Sleek and modern",0.99,58.03
"PR00272","Rugged Fitness Tracker","High quality",11.99,755.62
"PR00273","Budget Console","Energy efficient",14.97,566.14
"PR00274","Retro Laptop","Compact design",14.59,639.89
"PR00275","Multi-Function Smart Glasses","Versatile use",11.42,996.74
"PR00276","Gaming Fitness Tracker","High quality",15.56,348.88
"PR00277","High-Performance Fitness Tracker","Versatile use",16.43,62.75
"PR00278","Mini Mouse","Sleek and modern",9.97,609.28
"PR00279","AI-Powered Desk Lamp","High quality",17.68,26.93
"PR00280","Dual-Screen Keyboard","Durable",14.77,542.77
"PR00281","Portable Mouse","Versatile use",14.28,547.62
"PR00282","SE Mouse","Ergonomic",10.84,444.94
"PR00283","Solar Power Bank","Energy efficient",11.91,456.09
"PR00284","Slim Gaming Chair","Innovative technology",14.79,169.4
"PR00285","Noise-Cancelling eReader","Energy efficient",6,295.46
"PR00286","Eco Camera","Energy efficient",5.52,407.8
"PR00287","Slim Earbuds","User-friendly",3.3,68.3
"PR00288","HD Console","High quality",10.82,69.41
"PR00289","Ergonomic eReader","Eco-friendly",3.27,770.18
"PR00290","Eco Nintendo","Energy efficient",1.36,23.66
"PR00291","Multi-Function Smart Glasses","Eco-friendly",14.8,272.85
"PR00292","Premium Headphones","User-friendly",18.12,595.87
"PR00293","Touch Fitness Tracker","Energy efficient",3.59,336.52
"PR00294","Noise-Cancelling Laptop","High quality",18.14,95.78
"PR00295","Budget Keyboard","Innovative technology",7.87,662.61
"PR00296","Vintage Desk Lamp","Sleek and modern",11.94,425.85
"PR00297","Noise-Cancelling Power Bank","Versatile use",9.29,152.92
"PR00298","Waterproof Camera","Sleek and modern",19.94,859.56
"PR00299","Ergonomic Monitor","Durable",2.94,441.09
"PR00300","High-Resolution Smart Glasses","High quality",6.53,687.67
"PR00301","Foldable eReader","Durable",2.63,976.58
"PR00302","Ultra Action Cam","Innovative technology",13.71,711.8
"PR00303","Magnetic Keyboard","Durable",2.63,171.92
"PR00304","High-Performance Smartwatch","User-friendly",10.34,931.07
"PR00305","Eco Smart Glasses","Energy efficient",10.75,67.94
"PR00306","Dual-Screen Action Cam","Energy efficient",5.24,683.36
"PR00307","AI-Powered Camera","Sleek and modern",11.25,83.44
"PR00308","Wireless Nintendo","Durable",14.51,800.49
"PR00309","Sleek VR Headset","Ergonomic",13.42,251.6
"PR00310","Noise-Cancelling Laptop","High quality",11.97,683.3
"PR00311","Ergonomic Nintendo","Sleek and modern",15.35,802.35
"PR00312","Ultra-Light Smart Glasses","Sleek and modern",7.3,734.01
"PR00313","Magnetic External Hard Drive","Innovative technology",3.07,946.38
"PR00314","Touch Keyboard","Innovative technology",11.87,534.08
"PR00315","Sleek Action Cam","Durable",6.99,754.47
"PR00316","Dual-Screen eReader","Eco-friendly",16.15,209.95
"PR00317","AI-Powered Earbuds","Durable",6.6,991.56
"PR00318","Vintage Fitness Tracker","Versatile use",19.85,270.3
"PR00319","Mini Earbuds","Eco-friendly",13.76,263.57
"PR00320","High-Performance External Hard Drive","High quality",10.29,712.46
"PR00321","High-Speed Mouse","Ergonomic",10.26,376.42
"PR00322","Wireless Smartphone","Energy efficient",16.91,324.71
"PR00323","Eco Action Cam","User-friendly",14.51,271.29
"PR00324","Waterproof Mouse","Innovative technology",3.41,740.21
"PR00325","AI-Powered Console","Versatile use",3.89,427.38
"PR00326","Magnetic Nintendo","Compact design",17.86,171.45
"PR00327","High-Resolution Smart Glasses","Ergonomic",4.49,747.59
"PR00328","Slim Drone","Energy efficient",3.12,922.65
"PR00329","Noise-Cancelling Tablet","Energy efficient",5.83,84.93
"PR00330","Advanced Router","Ergonomic",17.28,341.8
"PR00331","Pro Tablet","User-friendly",8.67,641.1
"PR00332","Wireless Power Bank","User-friendly",13.27,378.21
"PR00333","Multi-Function VR Headset","High quality",9.98,936.43
"PR00334","Multi-Function Headphones","Compact design",17.69,171.82
"PR00335","Budget Action Cam","Eco-friendly",17.02,651.95
"PR00336","SD Router","High quality",0.98,752.57
"PR00337","Ultra-Light Power Bank","Ergonomic",4.97,392.37
"PR00338","SD Drone","Versatile use",4.04,959.65
"PR00339","Premium Gaming Chair","High quality",14.37,807.72
"PR00340","High-Resolution Fitness Tracker","User-friendly",1.86,582.65
"PR00341","Rugged Printer","Durable",5.59,511.76
"PR00342","HD Smart Speaker","Sleek and modern",7.27,304.14
"PR00343","Compact Recorder","User-friendly",19.16,578.44
"PR00344","SD Nintendo","Versatile use",5.83,574.18
"PR00345","Ultra Desk Lamp","Eco-friendly",3.8,411.53
"PR00346","SE Router","Eco-friendly",18.2,917.74
"PR00347","Waterproof Camera","Versatile use",18.24,945.95
"PR00348","Gaming Drone","Versatile use",6.88,48.75
"PR00349","Lite Router","Durable",14.78,820.64
"PR00350","Solar Smart Glasses","Eco-friendly",7.56,740.94
"PR00351","Mini VR Headset","Eco-friendly",7.07,179.66
"PR00352","AI-Powered Recorder","High quality",3.96,209.1
"PR00353","Smart Smart Glasses","Compact design",17,879.2
"PR00354","Mini Headphones","User-friendly",15.66,13.85
"PR00355","Smart Nintendo","Versatile use",4.47,124.96
"PR00356","Sleek Recorder","Ergonomic",15.52,726.12
"PR00357","Vintage Smartphone","Compact design",9.61,373.93
"PR00358","Magnetic External Hard Drive","Compact design",11.75,760.24
"PR00359","Wireless Recorder","Ergonomic",1.03,959.89
"PR00360","Foldable Camera","Versatile use",0.95,513.08
"PR00361","Dual-Screen Desk Lamp","Versatile use",18.51,919.51
"PR00362","Ultra External Hard Drive","Innovative technology",1.4,742.3
"PR00363","Ergonomic Power Bank","Energy efficient",5.53,607.34
"PR00364","Retro Tablet","Ergonomic",17.21,623.84
"PR00365","Mini Router","High quality",17.57,435.14
"PR00366","Noise-Cancelling Gaming Chair","High quality",19.85,569.66
"PR00367","High-Resolution Printer","Versatile use",3.61,302.61
"PR00368","Sleek Headphones","Eco-friendly",15.3,563.86
"PR00369","Rugged Smart Glasses","Innovative technology",17.08,494.47
"PR00370","HD Desk Lamp","Compact design",13.2,986.28
"PR00371","Wireless Monitor","Compact design",11.44,895.07
"PR00372","Ultra-Light Earbuds","Innovative technology",1.06,855.27
"PR00373","Solar Monitor","Sleek and modern",12.06,938.39
"PR00374","Wireless Fitness Tracker","User-friendly",10.8,204.68
"PR00375","Magnetic Camera","User-friendly",19.8,743.02
"PR00376","Heavy-Duty Drone","Energy efficient",19.2,25.43
"PR00377","Magnetic External Hard Drive","Sleek and modern",12.99,148.3
"PR00378","Wireless Gaming Chair","User-friendly",7.96,780.61
"PR00379","Ultra Drone","User-friendly",18.72,591.26
"PR00380","Ultra-Light Printer","Energy efficient",19.15,57.85
"PR00381","High-Speed Recorder","Ergonomic",3.2,78.24
"PR00382","Lite Power Bank","High quality",2.89,662.26
"PR00383","Noise-Cancelling Smart Speaker","Eco-friendly",13.68,734.76
"PR00384","Rugged Earbuds","Compact design",3.27,187.63
"PR00385","Waterproof Power Bank","Eco-friendly",13.9,226.71
"PR00386","Pro Router","Sleek and modern",3.11,39.97
"PR00387","Wireless Power Bank","Sleek and modern",6.24,22.89
"PR00388","Lite Desk Lamp","User-friendly",19.5,744.49
"PR00389","Ultra Power Bank","Innovative technology",4.79,243.69
"PR00390","Mini Smart Speaker","Innovative technology",19.45,257.53
"PR00391","Slim Router","Eco-friendly",16.22,460.12
"PR00392","Retro eReader","Ergonomic",15.9,79.97
"PR00393","Rugged Router","Ergonomic",2.63,151.92
"PR00394","Multi-Function Smart Speaker","User-friendly",10.82,880.65
"PR00395","Rugged Printer","High quality",15.32,834.96
"PR00396","Dual-Screen Tablet","Energy efficient",5.54,332.77
"PR00397","Rugged Smart Glasses","High quality",9.04,518.67
"PR00398","SE Smart Glasses","Sleek and modern",15.79,841.32
"PR00399","AI-Powered Recorder","Ergonomic",8.56,896.66
"PR00400","Foldable Action Cam","Innovative technology",19.01,735.16
"PR00401","HD Tablet","Energy efficient",19.29,775.4
"PR00402","AI-Powered Printer","Eco-friendly",17.62,359.82
"PR00403","Wireless Nintendo","High quality",4.95,530.02
"PR00404","Multi-Function External Hard Drive","Ergonomic",1.18,43.57
"PR00405","Magnetic Router","Durable",12.8,52.73
"PR00406","Multi-Function Desk Lamp","Eco-friendly",5.66,575.08
"PR00407","HD Smartphone","Innovative technology",2.99,428.19
"PR00408","Gaming Drone","High quality",3.4,214.94
"PR00409","Touch Console","Energy efficient",16.28,267.33
"PR00410","Multi-Function Recorder","User-friendly",15.15,698.96
"PR00411","Slim Console","Energy efficient",4.59,843.95
"PR00412","Advanced Drone","Innovative technology",10.18,99.84
"PR00413","Sleek Smart Glasses","User-friendly",16.94,257.76
"PR00414","Portable Printer","Eco-friendly",11.64,476.47
"PR00415","Magnetic Fitness Tracker","Energy efficient",2.7,723.14
"PR00416","Portable Gaming Chair","Eco-friendly",16.12,517.31
"PR00417","HD Console","Ergonomic",0.52,970.31
"PR00418","Vintage Smart Speaker","High quality",14.51,726.72
"PR00419","Ergonomic Tablet","Durable",18.03,790.23
"PR00420","Magnetic Earbuds","Energy efficient",14.35,995.63
"PR00421","Eco Action Cam","User-friendly",13.23,680.9
"PR00422","Budget Desk Lamp","Versatile use",12.32,381.26
"PR00423","SE Drone","Compact design",13.92,256.77
"PR00424","Rugged Drone","High quality",2.14,667.27
"PR00425","Mini Smart Speaker","User-friendly",13.36,561.62
"PR00426","Ergonomic Smart Glasses","High quality",12.95,403.53
"PR00427","Waterproof Monitor","Ergonomic",4.46,130.55
"PR00428","SE Printer","Ergonomic",14.52,711.39
"PR00429","Pro Gaming Chair","Eco-friendly",5.74,82.17
"PR00430","Budget Smart Speaker","High quality",9.47,933.65
"PR00431","Retro Smartphone","High quality",5.62,808.91
"PR00432","Magnetic Printer","Eco-friendly",16,806.3
"PR00433","Eco Tablet","High quality",17.03,623.31
"PR00434","Heavy-Duty Camera","Energy efficient",16.59,783.24
"PR00435","Portable Earbuds","Energy efficient",9.47,156.33
"PR00436","Waterproof Laptop","Sleek and modern",5.59,334.92
"PR00437","Multi-Function Console","Innovative technology",10.15,606.64
"PR00438","Ultra Fitness Tracker","Innovative technology",6.37,97.42
"PR00439","Waterproof External Hard Drive","Sleek and modern",18.54,170.32
"PR00440","Vintage Fitness Tracker","Ergonomic",13.65,827.68
"PR00441","Retro Console","User-friendly",16.51,101.14
"PR00442","HD VR Headset","Eco-friendly",15.98,172.17
"PR00443","HD Router","Sleek and modern",16.9,83.5
"PR00444","Mini Tablet","Energy efficient",15.91,960.82
"PR00445","Ultra Recorder","Durable",13.03,219.27
"PR00446","Noise-Cancelling Mouse","Durable",2.22,682.35
"PR00447","Pro Keyboard","Energy efficient",9.11,769.75
"PR00448","SD Power Bank","Innovative technology",13.88,810.78
"PR00449","Noise-Cancelling Earbuds","High quality",10.07,471.29
"PR00450","HD Headphones","Ergonomic",5.83,700.3
"PR00451","Smart Printer","User-friendly",4.42,945.06
"PR00452","Ultra Laptop","Energy efficient",8.42,153.03
"PR00453","High-Performance Monitor","Durable",9.65,542
"PR00454","Wireless External Hard Drive","Versatile use",12.8,326.57
"PR00455","Touch Smart Glasses","Ergonomic",4.21,392.96
"PR00456","Budget Printer","Compact design",17.08,713.56
"PR00457","Noise-Cancelling Laptop","Energy efficient",16.74,459.75
"PR00458","Retro Smart Glasses","Eco-friendly",10.16,572.21
"PR00459","Ergonomic Laptop","Durable",0.76,703.29
"PR00460","Sleek Console","Ergonomic",8,789.3
"PR00461","Touch External Hard Drive","Eco-friendly",12.04,362.69
"PR00462","Ergonomic Tablet","User-friendly",3.66,26.59
"PR00463","Eco Router","Compact design",17.97,660.68
"PR00464","Solar Smart Glasses","Energy efficient",7.39,59.56
"PR00465","Vintage Mouse","High quality",8.02,984.47
"PR00466","Slim Smartwatch","Ergonomic",6.95,608.26
"PR00467","Touch Drone","Versatile use",4.19,367.15
"PR00468","Pro Printer","Versatile use",19.85,638.04
"PR00469","Slim Mouse","Durable",15.4,887.71
"PR00470","Ultra-Light Desk Lamp","Compact design",2.6,69.77
"PR00471","Foldable Monitor","Durable",3.21,286.09
"PR00472","SD Drone","Eco-friendly",3.66,544.28
"PR00473","Noise-Cancelling Nintendo","User-friendly",17.26,591.28
"PR00474","Advanced VR Headset","Ergonomic",13.39,751.67
"PR00475","Wireless VR Headset","Energy efficient",10.88,769.43
"PR00476","Compact Earbuds","Energy efficient",6.05,683.32
"PR00477","Noise-Cancelling Mouse","Sleek and modern",11.41,826.61
"PR00478","Sleek Smartwatch","Sleek and modern",11.56,861.55
"PR00479","Solar Laptop","Ergonomic",19.03,549.49
"PR00480","Rugged Camera","Versatile use",8.81,932.64
"PR00481","Retro Headphones","Durable",10.88,239.48
"PR00482","Ultra-Light Smartwatch","User-friendly",16.85,69.89
"PR00483","Retro External Hard Drive","High quality",3.38,398.65
"PR00484","Heavy-Duty Fitness Tracker","Eco-friendly",17.66,996.89
"PR00485","Gaming Tablet","Ergonomic",13.85,543.48
"PR00486","Wireless Smartphone","Compact design",14.84,78.11
"PR00487","Mini eReader","Energy efficient",3.8,581.06
"PR00488","Waterproof Gaming Chair","Sleek and modern",18.95,617.37
"PR00489","Budget Headphones","Ergonomic",7.97,339.8
"PR00490","Portable Fitness Tracker","User-friendly",6.2,441.54
"PR00491","Pro Earbuds","Eco-friendly",0.62,924.86
"PR00492","High-Performance Laptop","Eco-friendly",11.96,656.85
"PR00493","AI-Powered Printer","Innovative technology",16.38,356.03
"PR00494","Rugged Monitor","Ergonomic",0.52,452.34
"PR00495","Compact Smart Speaker","Compact design",7.03,608.27
"PR00496","Retro Fitness Tracker","Eco-friendly",17.81,592.14
"PR00497","Advanced Action Cam","Durable",3.77,959.97
"PR00498","Dual-Screen Recorder","Eco-friendly",4.88,625.38
"PR00499","Advanced Router","Energy efficient",8.55,65.57
"PR00500","Retro Action Cam","Eco-friendly",7.84,190.41
"PR00501","Foldable Recorder","Innovative technology",7.36,853.82
"PR00502","Rugged Smart Glasses","Durable",15.77,462.1
"PR00503","Rugged Printer","Innovative technology",14.96,890.53
"PR00504","Ergonomic Keyboard","Innovative technology",14.73,424.98
"PR00505","Wireless Desk Lamp","Innovative technology",15.22,802.3
"PR00506","Mini Gaming Chair","User-friendly",17.71,892.95
"PR00507","Advanced Tablet","Ergonomic",2.55,705.86
"PR00508","Gaming Action Cam","Durable",18.39,355.08
"PR00509","Budget Laptop","Compact design",8.15,22.99
"PR00510","High-Speed Headphones","Compact design",8.93,602.18
"PR00511","Wireless Laptop","Eco-friendly",6.39,190.5
"PR00512","Ultra-Light VR Headset","Innovative technology",11.93,257.27
"PR00513","Foldable VR Headset","High quality",9.07,725.19
"PR00514","Foldable Camera","Innovative technology",9.74,634.77
"PR00515","Waterproof Smartwatch","Eco-friendly",13.34,190.59
"PR00516","Heavy-Duty eReader","Versatile use",1.55,943.02
"PR00517","High-Performance Desk Lamp","Innovative technology",13.34,649.11
"PR00518","Sleek Mouse","Compact design",10.66,436.87
"PR00519","Ergonomic Laptop","Eco-friendly",5.66,879.03
"PR00520","Noise-Cancelling Laptop","Eco-friendly",6.5,253.39
"PR00521","Dual-Screen Mouse","Versatile use",4.96,742.82
"PR00522","Foldable Keyboard","Compact design",6.66,577.55
"PR00523","Ultra Desk Lamp","High quality",5.42,258.8
"PR00524","Gaming Tablet","Eco-friendly",8.93,589.01
"PR00525","Pro Mouse","Durable",5.86,254.04
"PR00526","Budget Earbuds","High quality",19.18,24.38
"PR00527","Touch Camera","Durable",5.98,441.06
"PR00528","High-Performance Gaming Chair","User-friendly",5.92,205.3
"PR00529","Eco Router","Innovative technology",19.39,958.51
"PR00530","Rugged Smartwatch","Durable",4.49,471.93
"PR00531","HD Headphones","High quality",12.12,224.24
"PR00532","Touch VR Headset","High quality",12.48,621.33
"PR00533","Ultra Laptop","User-friendly",17.62,689.33
"PR00534","Multi-Function Smart Glasses","User-friendly",13.91,605.42
"PR00535","Compact VR Headset","Ergonomic",13.57,680.93
"PR00536","Noise-Cancelling Nintendo","Ergonomic",13.61,921.53
"PR00537","HD Gaming Chair","Eco-friendly",10.41,85.47
"PR00538","Heavy-Duty Headphones","Sleek and modern",13.07,642.36
"PR00539","Budget Laptop","Sleek and modern",18.86,547.21
"PR00540","HD Router","Innovative technology",17.95,558.74
"PR00541","Ultra-Light Laptop","Innovative technology",14.71,485.96
"PR00542","Magnetic Power Bank","Compact design",14.42,410.03
"PR00543","Ergonomic Mouse","Sleek and modern",14.25,414.34
"PR00544","SD Smartphone","Innovative technology",12.63,879.79
"PR00545","Solar Tablet","Innovative technology",12.51,544.08
"PR00546","Ultra-Light Gaming Chair","Energy efficient",1.71,429.35
"PR00547","High-Speed Smartwatch","Durable",9.47,291.02
"PR00548","Rugged Gaming Chair","Innovative technology",6.35,662.52
"PR00549","High-Performance Router","Durable",4.9,313.6
"PR00550","Budget Camera","User-friendly",5.97,84.98
"PR00551","Portable Smart Glasses","Innovative technology",8.6,361.46
"PR00552","Wireless eReader","Innovative technology",5.34,282.05
"PR00553","SE Smartwatch","Ergonomic",17.06,735.86
"PR00554","Heavy-Duty Router","Durable",14.32,44.24
"PR00555","Solar Drone","Ergonomic",6.07,179.95
"PR00556","AI-Powered Fitness Tracker","High quality",6.33,46.75
"PR00557","Portable Printer","Ergonomic",16.39,171.31
"PR00558","Touch VR Headset","Versatile use",17.02,284.31
"PR00559","Magnetic Smartwatch","User-friendly",1.46,875.33
"PR00560","Multi-Function Desk Lamp","High quality",12.9,81.28
"PR00561","Noise-Cancelling Headphones","High quality",3.39,159.12
"PR00562","Ergonomic Smartphone","Ergonomic",6.23,811.32
"PR00563","Multi-Function Laptop","Sleek and modern",13.98,218.17
"PR00564","Mini Keyboard","Energy efficient",17.92,506.85
"PR00565","Eco VR Headset","Sleek and modern",2.36,70.26
"PR00566","Budget Desk Lamp","Compact design",12.49,738.49
"PR00567","Lite Keyboard","Ergonomic",5.71,370.79
"PR00568","Rugged Router","Compact design",17.22,718.34
"PR00569","Sleek External Hard Drive","Ergonomic",12.96,981.08
"PR00570","Wireless Camera","Compact design",13.88,833.47
"PR00571","Eco Smart Glasses","User-friendly",10.1,802.69
"PR00572","Compact Drone","Compact design",19.79,137.21
"PR00573","High-Speed Monitor","Compact design",3.56,606.33
"PR00574","SD Smartphone","User-friendly",12.92,368.39
"PR00575","Touch Console","Versatile use",10.57,461.54
"PR00576","SE eReader","High quality",6.74,114.39
"PR00577","Dual-Screen Smartwatch","Eco-friendly",15.69,463.45
"PR00578","High-Speed Smartwatch","Sleek and modern",4.23,428.74
"PR00579","Noise-Cancelling Camera","Energy efficient",15.76,641.99
"PR00580","Ultra Laptop","Ergonomic",9.37,796.04
"PR00581","Waterproof eReader","Compact design",7.53,949.1
"PR00582","Gaming Tablet","Versatile use",4.35,540.96
"PR00583","Lite Recorder","Compact design",11.11,225.94
"PR00584","SE Tablet","Ergonomic",1.63,531.31
"PR00585","Pro Smart Glasses","Versatile use",13.93,917.45
"PR00586","SE Recorder","Versatile use",10.87,258.2
"PR00587","Noise-Cancelling Drone","Eco-friendly",17.92,48.89
"PR00588","Lite Laptop","High quality",2.02,196.94
"PR00589","Sleek Action Cam","High quality",19.99,926.54
"PR00590","Ultra-Light Gaming Chair","Energy efficient",13.03,331.42
"PR00591","AI-Powered eReader","Eco-friendly",1.64,881.24
"PR00592","Sleek Tablet","Ergonomic",16.68,922.62
"PR00593","Multi-Function VR Headset","Sleek and modern",17.14,258.93
"PR00594","Vintage Camera","Versatile use",17.5,134.99
"PR00595","High-Performance Desk Lamp","Eco-friendly",9.41,269.25
"PR00596","High-Performance Fitness Tracker","Durable",1.21,359.87
"PR00597","High-Performance Mouse","Ergonomic",17.08,50.55
"PR00598","Lite Desk Lamp","Durable",17.81,882.74
"PR00599","Heavy-Duty Fitness Tracker","Sleek and modern",5.93,940.31
"PR00600","Advanced Drone","High quality",9.84,595.09
"PR00601","Foldable Keyboard","Compact design",7.07,924.5
"PR00602","Ergonomic Desk Lamp","Sleek and modern",4.58,732.08
"PR00603","High-Performance Laptop","Durable",1.1,16.85
"PR00604","Rugged Power Bank","Durable",7.78,227.11
"PR00605","Ergonomic Smart Glasses","User-friendly",15.95,774.2
"PR00606","AI-Powered Tablet","Compact design",13.77,308
"PR00607","High-Performance Earbuds","Durable",2.6,124.11
"PR00608","Touch External Hard Drive","Energy efficient",1.94,620.88
"PR00609","Retro Smart Glasses","Eco-friendly",11.44,59.07
"PR00610","Vintage Drone","Sleek and modern",9.49,108.97
"PR00611","Ergonomic Monitor","Versatile use",9.98,413.13
"PR00612","Gaming VR Headset","User-friendly",3.62,747.46
"PR00613","Retro VR Headset","Compact design",6.78,198.38
"PR00614","Gaming Action Cam","Compact design",9.81,664.9
"PR00615","High-Resolution Laptop","Compact design",19.62,472.23
"PR00616","Gaming Smartwatch","Compact design",9.07,733.21
"PR00617","Slim External Hard Drive","Energy efficient",14.13,176.5
"PR00618","Rugged Printer","High quality",14.06,920.39
"PR00619","Premium Drone","User-friendly",1.34,237.46
"PR00620","Ultra Gaming Chair","Ergonomic",19.9,357.95
"PR00621","Eco Monitor","Ergonomic",18.06,391.47
"PR00622","Ultra-Light Nintendo","Ergonomic",2.24,426.68
"PR00623","Noise-Cancelling Camera","User-friendly",2.96,443.64
"PR00624","Smart Mouse","Compact design",15.76,232.12
"PR00625","Lite Headphones","Eco-friendly",14.94,855.45
"PR00626","Slim Desk Lamp","User-friendly",2.62,110.02
"PR00627","Wireless VR Headset","Versatile use",11.76,429.42
"PR00628","Compact Headphones","Versatile use",1.22,997.55
"PR00629","Advanced Desk Lamp","User-friendly",5.74,119.95
"PR00630","Portable Power Bank","Sleek and modern",18.27,211.98
"PR00631","Budget Laptop","Ergonomic",7.22,283.99
"PR00632","Smart Nintendo","Durable",13.79,196.49
"PR00633","Ergonomic Gaming Chair","Durable",8.14,74.17
"PR00634","Wireless Tablet","Durable",4,367.14
"PR00635","HD Recorder","Innovative technology",16.83,878.91
"PR00636","Magnetic VR Headset","Innovative technology",13.35,952.67
"PR00637","Foldable Action Cam","Eco-friendly",7.47,951.57
"PR00638","Solar VR Headset","Versatile use",15.97,63.09
"PR00639","Gaming Camera","Durable",10.71,679.16
"PR00640","Rugged VR Headset","High quality",10.97,844.89
"PR00641","Rugged Smartwatch","Innovative technology",5.77,757.58
"PR00642","Slim Monitor","Ergonomic",14.62,551.06
"PR00643","Mini Camera","Innovative technology",15.26,190.74
"PR00644","Wireless Camera","Sleek and modern",6.2,129.11
"PR00645","Magnetic Action Cam","Durable",12.23,574.53
"PR00646","Heavy-Duty Keyboard","Durable",14.58,158.28
"PR00647","Lite Drone","High quality",3.99,43.11
"PR00648","Magnetic Power Bank","High quality",10.03,940.26
"PR00649","Sleek Recorder","Durable",18.35,886.44
"PR00650","Advanced Earbuds","Sleek and modern",11.92,39.68
"PR00651","High-Speed Smart Speaker","Versatile use",17.94,849.47
"PR00652","Sleek Smart Glasses","Innovative technology",12.52,714.38
"PR00653","Dual-Screen Laptop","Ergonomic",3.74,329.74
"PR00654","High-Speed Camera","High quality",15.48,300.78
"PR00655","Compact Camera","Ergonomic",0.8,317.48
"PR00656","High-Speed Fitness Tracker","Ergonomic",1.86,957.28
"PR00657","Portable Console","Durable",7.74,193.14
"PR00658","Lite Drone","Innovative technology",3.07,273.18
"PR00659","Portable Monitor","Durable",14.92,378.59
"PR00660","Waterproof Drone","Sleek and modern",16.31,271.18
"PR00661","Ergonomic Mouse","Energy efficient",13.2,976.27
"PR00662","High-Speed Console","Innovative technology",3.92,788.73
"PR00663","High-Resolution Tablet","Ergonomic",9.69,686.3
"PR00664","Smart Headphones","Innovative technology",16.53,129.18
"PR00665","Heavy-Duty Smart Glasses","Ergonomic",18.74,643.77
"PR00666","AI-Powered Tablet","User-friendly",14.37,224.06
"PR00667","Ultra-Light Power Bank","Sleek and modern",16.87,40.05
"PR00668","Smart External Hard Drive","Energy efficient",13.27,658.01
"PR00669","Magnetic Camera","User-friendly",3.05,391.91
"PR00670","High-Resolution Headphones","Eco-friendly",11.65,366.2
"PR00671","Advanced Camera","Eco-friendly",10.53,734.02
"PR00672","Advanced Action Cam","Sleek and modern",7.3,462.48
"PR00673","Rugged Smartphone","Compact design",3.51,151.32
"PR00674","Smart Camera","Compact design",7.05,394.63
"PR00675","Portable Fitness Tracker","Energy efficient",11.08,712.26
"PR00676","Slim Laptop","High quality",17.17,83.54
"PR00677","HD Fitness Tracker","User-friendly",13.24,792.19
"PR00678","Ultra-Light Desk Lamp","Ergonomic",9.98,404.99
"PR00679","Heavy-Duty Smart Speaker","Ergonomic",2.38,189.05
"PR00680","Retro Smartphone","Ergonomic",6.88,921.31
"PR00681","Smart Monitor","Energy efficient",2.83,487.64
"PR00682","Portable Mouse","User-friendly",6.88,228.09
"PR00683","High-Performance Nintendo","Compact design",6.97,252.81
"PR00684","Ultra Desk Lamp","Innovative technology",16.12,995
"PR00685","Dual-Screen Keyboard","Durable",17.55,847.98
"PR00686","Foldable Laptop","Innovative technology",3.91,301.01
"PR00687","Ergonomic Router","High quality",3.83,232.32
"PR00688","Noise-Cancelling Smartwatch","Compact design",0.52,612.27
"PR00689","High-Resolution External Hard Drive","Compact design",2.54,656.44
"PR00690","Smart Gaming Chair","Eco-friendly",3.03,279.58
"PR00691","Waterproof Fitness Tracker","Energy efficient",15.96,869.41
"PR00692","Portable Nintendo","Durable",15.93,83.32
"PR00693","Wireless Action Cam","Durable",16.66,391.78
"PR00694","Rugged Desk Lamp","Energy efficient",7.72,897.78
"PR00695","Multi-Function Gaming Chair","Compact design",15.09,103.46
"PR00696","High-Speed Mouse","User-friendly",10.32,712.93
"PR00697","Smart Smart Glasses","Energy efficient",9.18,292.12
"PR00698","Eco Mouse","Ergonomic",3.81,312.51
"PR00699","Eco Recorder","Compact design",1.2,459.39
"PR00700","Solar Earbuds","Versatile use",1.18,390.44
"PR00701","Pro Printer","Compact design",5.03,314.7
"PR00702","High-Resolution Nintendo","Versatile use",15.08,978.09
"PR00703","Gaming Keyboard","Innovative technology",12.1,426.28
"PR00704","Ultra Fitness Tracker","Compact design",7.52,517.59
"PR00705","Portable Recorder","Eco-friendly",4.87,849.09
"PR00706","Eco Gaming Chair","User-friendly",5.74,400.55
"PR00707","High-Speed Gaming Chair","Eco-friendly",17.83,267.46
"PR00708","Smart Camera","Innovative technology",1.5,145.55
"PR00709","Retro Earbuds","Durable",15.26,512.55
"PR00710","Vintage Router","Compact design",3.11,614.73
"PR00711","Rugged Recorder","Durable",6.08,360.99
"PR00712","Vintage Laptop","Eco-friendly",19.41,615.45
"PR00713","Smart Monitor","Eco-friendly",14.44,708.75
"PR00714","SE Smartwatch","Eco-friendly",0.66,722.44
"PR00715","Solar Smart Glasses","Durable",10.59,121.34
"PR00716","SD Camera","Eco-friendly",6.16,969
"PR00717","Eco Camera","Sleek and modern",1.67,231.77
"PR00718","Foldable Laptop","Sleek and modern",4.11,16.32
"PR00719","Ultra Gaming Chair","Eco-friendly",10.07,794.67
"PR00720","Ergonomic Printer","Durable",7.73,279.43
"PR00721","Gaming Printer","Durable",10.84,396.44
"PR00722","Solar Drone","Durable",15.9,499.8
"PR00723","SE VR Headset","Energy efficient",4.13,492.4
"PR00724","Lite Laptop","User-friendly",11.26,158.02
"PR00725","Wireless VR Headset","Eco-friendly",8.63,466.03
"PR00726","SD Printer","High quality",6.1,944.39
"PR00727","Waterproof Gaming Chair","Eco-friendly",1.39,462.84
"PR00728","Foldable Headphones","Sleek and modern",17.76,554.24
"PR00729","Advanced Monitor","Energy efficient",15.31,895.23
"PR00730","High-Performance Keyboard","Ergonomic",15.41,704.92
"PR00731","HD External Hard Drive","Sleek and modern",13.69,59.75
"PR00732","Noise-Cancelling Camera","User-friendly",17.24,718
"PR00733","Multi-Function Nintendo","Versatile use",2.69,435.06
"PR00734","AI-Powered eReader","Compact design",9.62,438.18
"PR00735","Foldable eReader","User-friendly",18.29,912.31
"PR00736","Premium Gaming Chair","Innovative technology",6.23,607.01
"PR00737","Compact Router","User-friendly",18.55,957.83
"PR00738","Touch Console","Ergonomic",17.39,831.42
"PR00739","Magnetic Monitor","Ergonomic",4.73,926.9
"PR00740","Solar Printer","User-friendly",11.84,292.46
"PR00741","Budget Desk Lamp","Eco-friendly",16.72,520.62
"PR00742","Eco Smart Speaker","Durable",19.83,531.39
"PR00743","Gaming Recorder","Energy efficient",15.92,924.37
"PR00744","Portable Smart Glasses","Ergonomic",11.22,441.68
"PR00745","Lite Camera","High quality",14.87,643.78
"PR00746","Retro Earbuds","Energy efficient",2.19,661.9
"PR00747","Multi-Function Smartphone","Eco-friendly",1.56,591.63
"PR00748","Portable Mouse","Sleek and modern",10.72,965.38
"PR00749","Noise-Cancelling VR Headset","Ergonomic",9.44,828.56
"PR00750","SD Keyboard","Ergonomic",19.46,189.31
"PR00751","Compact Console","Sleek and modern",5.89,210.01
"PR00752","Slim Monitor","Compact design",11.69,657.42
"PR00753","Multi-Function eReader","Energy efficient",4.36,916.65
"PR00754","Mini Tablet","Ergonomic",4.19,450.65
"PR00755","Foldable Gaming Chair","Ergonomic",15.17,231.64
"PR00756","Retro Drone","Durable",14.58,597.54
"PR00757","Ultra-Light Keyboard","Energy efficient",15.21,317.37
"PR00758","Smart Nintendo","User-friendly",13.3,300.28
"PR00759","Touch Drone","Compact design",9.7,864.33
"PR00760","Multi-Function Power Bank","Ergonomic",17.47,497.84
"PR00761","High-Resolution Tablet","Energy efficient",16.68,513.43
"PR00762","Advanced Recorder","Ergonomic",4.6,939.91
"PR00763","Ultra-Light Recorder","High quality",6.7,989.61
"PR00764","Noise-Cancelling Nintendo","Eco-friendly",8.91,474.39
"PR00765","High-Performance Console","Innovative technology",19.22,32.6
"PR00766","Compact External Hard Drive","Ergonomic",6.06,753.08
"PR00767","High-Resolution Monitor","Versatile use",19.2,422.89
"PR00768","High-Performance Headphones","Innovative technology",1.23,588.7
"PR00769","Mini VR Headset","Innovative technology",8.86,690.45
"PR00770","Waterproof VR Headset","Ergonomic",5.67,638.43
"PR00771","Noise-Cancelling Gaming Chair","Ergonomic",17.08,519.7
"PR00772","Magnetic eReader","Compact design",8.01,947.66
"PR00773","Budget eReader","User-friendly",10.03,80.43
"PR00774","Rugged Action Cam","Ergonomic",1.21,728.2
"PR00775","SE Keyboard","Durable",17.34,701.28
"PR00776","Ultra Keyboard","High quality",17.91,716.59
"PR00777","SE Console","Durable",15.8,599.79
"PR00778","Heavy-Duty Smartwatch","Eco-friendly",16.44,421.23
"PR00779","AI-Powered Drone","Eco-friendly",19.53,93.71
"PR00780","High-Performance External Hard Drive","Versatile use",17.76,617.24
"PR00781","Ergonomic Desk Lamp","Compact design",15.46,975.01
"PR00782","Ultra-Light Mouse","Sleek and modern",0.87,288.4
"PR00783","Vintage Smart Glasses","Sleek and modern",11.44,972.07
"PR00784","Multi-Function Monitor","Sleek and modern",17.09,387.95
"PR00785","Retro Earbuds","User-friendly",16.37,505.97
"PR00786","Touch Smartphone","Durable",2.23,523.33
"PR00787","Multi-Function Desk Lamp","Sleek and modern",3.2,253.59
"PR00788","Advanced Recorder","Durable",18.74,434.47
"PR00789","Magnetic Printer","High quality",1.02,512.97
"PR00790","Retro Laptop","User-friendly",19.17,160.47
"PR00791","Retro Power Bank","Sleek and modern",1.83,680.15
"PR00792","Advanced Smartwatch","Sleek and modern",15.23,872.46
"PR00793","Wireless Camera","Durable",14.67,865.86
"PR00794","Slim Power Bank","Ergonomic",8.49,119.88
"PR00795","Ergonomic Printer","Sleek and modern",19.61,196.12
"PR00796","Mini Drone","Innovative technology",16.57,87.63
"PR00797","Wireless Smartwatch","Eco-friendly",7.99,576.7
"PR00798","Slim Camera","Innovative technology",12.55,214.76
"PR00799","Dual-Screen Action Cam","Durable",15.65,93.5
"PR00800","Solar External Hard Drive","Durable",15.14,430.67
"PR00801","High-Speed Drone","Ergonomic",3.49,68.28
"PR00802","Portable VR Headset","High quality",2.77,920.88
"PR00803","Touch Camera","Eco-friendly",9.74,315.06
"PR00804","Lite Camera","Innovative technology",7.23,721.4
"PR00805","Ergonomic Drone","Sleek and modern",17.98,133.91
"PR00806","Ultra Gaming Chair","Compact design",12.42,228.32
"PR00807","Heavy-Duty Laptop","Durable",3.63,860.89
"PR00808","HD Fitness Tracker","User-friendly",7.48,885.4
"PR00809","High-Performance Camera","Versatile use",7.83,852.21
"PR00810","Magnetic Smartwatch","Compact design",10.87,49.93
"PR00811","Budget Drone","User-friendly",15.15,400.3
"PR00812","Waterproof Laptop","Versatile use",11.76,51.89
"PR00813","Foldable Keyboard","High quality",3.76,765.7
"PR00814","Rugged Console","User-friendly",4.47,597.99
"PR00815","Waterproof Recorder","Durable",11.32,367.48
"PR00816","Advanced Nintendo","Ergonomic",15.94,238.21
"PR00817","Magnetic Camera","High quality",19.44,560.78
"PR00818","Premium Mouse","Versatile use",15.87,951.07
"PR00819","High-Resolution Earbuds","Versatile use",14.19,805.49
"PR00820","Premium Recorder","Sleek and modern",19.69,886.04
"PR00821","Advanced Mouse","High quality",10.65,589.37
"PR00822","High-Performance Console","Durable",6.89,784.2
"PR00823","Pro Keyboard","High quality",11.24,75.69
"PR00824","High-Resolution Smartwatch","Compact design",7.6,621.25
"PR00825","SE Recorder","User-friendly",6.82,725.03
"PR00826","Gaming Gaming Chair","Innovative technology",3.36,387.5
"PR00827","Foldable Router","Ergonomic",6.46,469
"PR00828","Ultra-Light Desk Lamp","Versatile use",6.92,878.21
"PR00829","Rugged Tablet","Compact design",8.49,420.91
"PR00830","Sleek Smartphone","Compact design",15.7,168.66
"PR00831","Sleek Gaming Chair","Sleek and modern",1.06,570.59
"PR00832","HD VR Headset","Compact design",14.51,18.32
"PR00833","Mini Smart Glasses","Eco-friendly",10.8,882.82
"PR00834","Wireless Laptop","User-friendly",12.76,870.7
"PR00835","Ultra-Light Printer","High quality",5.02,207.52
"PR00836","AI-Powered Nintendo","Versatile use",3.16,662.49
"PR00837","Ultra Tablet","User-friendly",5.84,803.01
"PR00838","Mini eReader","Eco-friendly",13.13,343
"PR00839","Wireless Fitness Tracker","User-friendly",5.12,57.43
"PR00840","SE Keyboard","Innovative technology",12.25,255.46
"PR00841","Ultra VR Headset","Eco-friendly",14.89,178.16
"PR00842","Mini Laptop","High quality",10.16,323.1
"PR00843","Sleek Smart Speaker","Ergonomic",19.23,775.99
"PR00844","Budget Gaming Chair","Energy efficient",19.05,28.22
"PR00845","Compact Laptop","Durable",6.88,752.38
"PR00846","Solar Earbuds","Sleek and modern",6.44,941.05
"PR00847","Wireless Earbuds","Energy efficient",4.94,165.26
"PR00848","Budget External Hard Drive","User-friendly",9.86,189.51
"PR00849","Slim Monitor","Eco-friendly",3.75,588.1
"PR00850","Advanced eReader","Innovative technology",18,838.87
"PR00851","Advanced Fitness Tracker","Innovative technology",5.64,786.23
"PR00852","Dual-Screen Earbuds","Energy efficient",11.98,356.4
"PR00853","Ultra-Light Nintendo","Energy efficient",11.4,42.24
"PR00854","Solar External Hard Drive","Compact design",8.27,111.7
"PR00855","Lite Desk Lamp","User-friendly",12.09,843.03
"PR00856","AI-Powered Action Cam","Sleek and modern",10.17,855.51
"PR00857","Compact Console","User-friendly",3.67,829.08
"PR00858","Rugged Camera","Durable",18.22,761.21
"PR00859","Advanced Console","Innovative technology",9.14,659.56
"PR00860","HD Fitness Tracker","Energy efficient",8.25,336.87
"PR00861","Slim Monitor","Energy efficient",3.92,881.09
"PR00862","Waterproof VR Headset","Innovative technology",14.78,279.8
"PR00863","HD Tablet","Innovative technology",15.27,970.6
"PR00864","Smart Tablet","Versatile use",10.3,754.34
"PR00865","Budget Tablet","Eco-friendly",3.39,271.12
"PR00866","Ultra-Light Gaming Chair","Sleek and modern",7.5,237.02
"PR00867","Slim Router","Innovative technology",12.85,895.69
"PR00868","Waterproof Laptop","Sleek and modern",14.47,560.58
"PR00869","Noise-Cancelling Desk Lamp","Eco-friendly",16.91,851.58
"PR00870","AI-Powered Recorder","Compact design",0.59,179.63
"PR00871","Waterproof Smartphone","Energy efficient",12.74,369.73
"PR00872","Magnetic Console","Eco-friendly",3.67,876.4
"PR00873","Multi-Function Mouse","Durable",4.09,777.58
"PR00874","Gaming Desk Lamp","Versatile use",12.02,854.95
"PR00875","Budget Printer","Sleek and modern",7.09,74.38
"PR00876","Lite Headphones","Compact design",5.35,167.82
"PR00877","High-Speed Tablet","Versatile use",4.33,536.49
"PR00878","SE Smart Speaker","Sleek and modern",15.86,47.41
"PR00879","Rugged Gaming Chair","Sleek and modern",15.22,603.01
"PR00880","Lite Nintendo","Compact design",16.29,266.98
"PR00881","High-Performance External Hard Drive","Innovative technology",1.48,566.58
"PR00882","Magnetic Nintendo","Energy efficient",12.48,921.54
"PR00883","Smart Printer","Versatile use",13.92,196.16
"PR00884","Gaming eReader","Sleek and modern",19.39,540.1
"PR00885","Ultra Power Bank","Innovative technology",12.16,736.55
"PR00886","High-Speed Headphones","Versatile use",15.3,212.04
"PR00887","Ultra-Light Mouse","Sleek and modern",18.19,588.64
"PR00888","Dual-Screen Printer","Versatile use",10.41,161.41
"PR00889","Waterproof VR Headset","Energy efficient",7.6,581.7
"PR00890","Compact Recorder","Compact design",5.61,907.56
"PR00891","Sleek Keyboard","Innovative technology",17.36,553.91
"PR00892","Lite Nintendo","User-friendly",13.28,301.37
"PR00893","Touch Earbuds","Eco-friendly",3.54,121.21
"PR00894","Mini Earbuds","High quality",16.22,956.57
"PR00895","Retro Smart Glasses","User-friendly",13.78,531.15
"PR00896","Foldable Nintendo","Ergonomic",15.61,550.11
"PR00897","Multi-Function Smartphone","Sleek and modern",4.43,91.06
"PR00898","Retro Nintendo","Energy efficient",6.42,375.01
"PR00899","SE Smartphone","Eco-friendly",5.4,164.94
"PR00900","SD Printer","User-friendly",12.67,712.08
"PR00901","Solar Smartwatch","Versatile use",19.68,390.22
"PR00902","Solar Smartphone","Durable",7.82,220.32
"PR00903","Advanced Console","Ergonomic",1.85,449.58
"PR00904","Eco Router","Versatile use",6.62,93.06
"PR00905","Wireless Camera","Energy efficient",2.98,306.92
"PR00906","Waterproof Headphones","Energy efficient",16.35,955.49
"PR00907","Wireless Tablet","Versatile use",7.86,232
"PR00908","Touch Smartphone","Energy efficient",7.84,49.63
"PR00909","Solar Gaming Chair","Eco-friendly",15.13,490.99
"PR00910","Gaming Monitor","Compact design",15.93,937.98
"PR00911","AI-Powered Camera","Energy efficient",7.28,896.94
"PR00912","Ultra Printer","Energy efficient",7.74,646.14
"PR00913","AI-Powered External Hard Drive","Sleek and modern",0.74,846.08
"PR00914","Compact Smart Speaker","User-friendly",15.85,457.36
"PR00915","Heavy-Duty Smart Speaker","Sleek and modern",1.9,206.67
"PR00916","Heavy-Duty Headphones","Durable",13.05,484.66
"PR00917","HD Laptop","Compact design",18.45,776
"PR00918","Portable Drone","Compact design",3.29,141.58
"PR00919","Lite Gaming Chair","Durable",15.05,112.49
"PR00920","Waterproof Drone","High quality",8.88,934.55
"PR00921","Noise-Cancelling Smart Speaker","High quality",9.98,958.05
"PR00922","Pro Power Bank","Compact design",15.05,562.83
"PR00923","Heavy-Duty Tablet","Innovative technology",15.05,132.19
"PR00924","Wireless Desk Lamp","Versatile use",8.01,849.31
"PR00925","HD Nintendo","Innovative technology",3.19,988.26
"PR00926","Multi-Function Smart Speaker","Ergonomic",8.79,877.13
"PR00927","Dual-Screen Console","Compact design",2.72,26.48
"PR00928","Rugged Action Cam","Innovative technology",3,247.5
"PR00929","Wireless Router","Versatile use",16.1,17.3
"PR00930","Portable eReader","High quality",11.1,309.19
"PR00931","Waterproof VR Headset","Versatile use",12.04,584.41
"PR00932","Budget Earbuds","Compact design",2.77,796.63
"PR00933","Smart VR Headset","High quality",19.13,836.74
"PR00934","Gaming Monitor","User-friendly",8.49,364.65
"PR00935","Lite Desk Lamp","Sleek and modern",7.16,60.04
"PR00936","Eco Console","Sleek and modern",6.02,415.2
"PR00937","Vintage Power Bank","User-friendly",1.45,891.45
"PR00938","Multi-Function Smart Glasses","Durable",11.89,556.07
"PR00939","Waterproof Camera","Versatile use",17.13,465.55
"PR00940","High-Speed Mouse","Compact design",16.07,553.84
"PR00941","Ultra Smart Speaker","Durable",2.8,288.38
"PR00942","Noise-Cancelling Nintendo","Eco-friendly",3.56,777.08
"PR00943","HD Mouse","Eco-friendly",19.2,727.45
"PR00944","Solar Tablet","Versatile use",17.98,782.85
"PR00945","Vintage Recorder","User-friendly",3.89,762.77
"PR00946","Foldable Headphones","Innovative technology",1.09,127.45
"PR00947","Pro Monitor","Compact design",7.95,894.45
"PR00948","High-Performance Power Bank","Sleek and modern",2.88,636.44
"PR00949","Touch Action Cam","Ergonomic",2.3,558.57
"PR00950","Retro External Hard Drive","Sleek and modern",19.03,796.89
"PR00951","Retro Laptop","Energy efficient",7.28,232.42
"PR00952","Dual-Screen Smart Speaker","Compact design",11.91,28.76
"PR00953","High-Speed Fitness Tracker","Energy efficient",4.04,985.18
"PR00954","Waterproof eReader","Sleek and modern",0.62,429.16
"PR00955","Foldable Laptop","Compact design",6.38,627.25
"PR00956","Smart eReader","Ergonomic",4.66,216.25
"PR00957","Slim Power Bank","Versatile use",7.69,968.47
"PR00958","Eco Monitor","Ergonomic",19.18,594.44
"PR00959","Eco Recorder","Durable",2.33,188.17
"PR00960","Ultra-Light Action Cam","Ergonomic",2.29,783.47
"PR00961","Dual-Screen Camera","Compact design",10.93,306.83
"PR00962","Waterproof Power Bank","Durable",5.03,446.15
"PR00963","Solar Earbuds","Sleek and modern",9.18,942.91
"PR00964","Premium Fitness Tracker","Ergonomic",3.94,600.65
"PR00965","Pro Laptop","Sleek and modern",3.14,916.24
"PR00966","Slim Printer","Ergonomic",19.26,349.96
"PR00967","High-Speed eReader","User-friendly",2.66,407.54
"PR00968","Ultra-Light Smartphone","High quality",16.64,108.02
"PR00969","Slim Smartphone","Ergonomic",10.18,141.91
"PR00970","Ergonomic Smart Glasses","Ergonomic",4.47,536.68
"PR00971","SE Power Bank","Ergonomic",12.86,40.78
"PR00972","Waterproof Gaming Chair","Compact design",19.32,908.64
"PR00973","Premium Drone","Innovative technology",19.34,786.93
"PR00974","SD Power Bank","Ergonomic",15.27,212.68
"PR00975","HD Printer","Compact design",8.98,217.12
"PR00976","Solar Printer","Energy efficient",1.78,863.08
"PR00977","Foldable Smartphone","Versatile use",11.02,158.11
"PR00978","Noise-Cancelling External Hard Drive","Energy efficient",19.78,889.27
"PR00979","Dual-Screen External Hard Drive","High quality",1.94,411.25
"PR00980","Magnetic Smartphone","User-friendly",7.39,463.66
"PR00981","High-Speed Router","Compact design",19.73,114.6
"PR00982","Magnetic Camera","Innovative technology",5.33,338.77
"PR00983","Compact Console","High quality",18.43,552.41
"PR00984","Lite Laptop","Innovative technology",9.93,631.9
"PR00985","Solar eReader","Versatile use",15.56,568.13
"PR00986","Noise-Cancelling eReader","Sleek and modern",16.15,275.51
"PR00987","Dual-Screen Earbuds","Versatile use",8.29,711.24
"PR00988","Portable Smart Speaker","Sleek and modern",11.4,79.39
"PR00989","Vintage Headphones","Sleek and modern",4.43,142.95
"PR00990","Dual-Screen Earbuds","Innovative technology",4.82,320.99
"PR00991","High-Performance Desk Lamp","High quality",4.09,519.95
"PR00992","Sleek Mouse","Ergonomic",19.53,897.19
"PR00993","Noise-Cancelling Monitor","User-friendly",7.41,889.27
"PR00994","Sleek Router","Innovative technology",19.72,189.52
"PR00995","Foldable Keyboard","Versatile use",1.64,777.59
"PR00996","Slim Smart Speaker","Ergonomic",18.49,71.86
"PR00997","Ultra Keyboard","Durable",11.11,256.63
"PR00998","Mini Printer","Versatile use",9.33,72.4
"PR00999","Slim Headphones","Sleek and modern",19.68,605.29
"PR01000","Multi-Function External Hard Drive","Ergonomic",14.81,119.43
