"buyer_id","first_name","last_name","date_of_birth"
"BU00001","Trish","Fedder","6/28/1974"
"BU00002","Sula","Yurukhin","3/18/1971"
"BU00003","Horton","Ferrario","5/3/1988"
"BU00004","Felic","Franceschielli","1/5/1964"
"BU00005","Curry","Weild","4/23/2000"
"BU00006","Bernadene","Axston","2/8/1986"
"BU00007","Jasen","Archard","8/1/1974"
"BU00008","Reta","Faithfull","5/17/1961"
"BU00009","Cointon","Ayrs","7/27/1976"
"BU00010","Gale","McIlwrick","9/13/2004"
"BU00011","Gunar","Mathers","7/8/1963"
"BU00012","Logan","Wardle","2/16/1997"
"BU00013","Vivyan","Annear","9/9/1963"
"BU00014","Annmaria","Kearley","10/7/1990"
"BU00015","Rubia","Frawley","10/19/1969"
"BU00016","Meryl","Litchfield","9/13/1964"
"BU00017","Karleen","Sussems","5/7/1975"
"BU00018","Lenore","Brownell","9/20/1987"
"BU00019","Douglas","Gobat","1/1/1977"
"BU00020","Danny","Lownes","2/7/1974"
"BU00021","Codi","Almack","7/1/1962"
"BU00022","Judye","Iacobacci","9/4/1988"
"BU00023","Berry","Conklin","12/12/1986"
"BU00024","Loy","Cosgrive","3/24/1990"
"BU00025","Amelie","Baden","4/29/1982"
"BU00026","Rafe","Matys","4/13/1970"
"BU00027","Gael","O'Keevan","4/25/2001"
"BU00028","Zedekiah","Murt","11/28/1962"
"BU00029","Cortney","Cejka","4/19/1967"
"BU00030","Giavani","Dulen","4/17/1988"
"BU00031","Marvin","Tuckerman","10/11/1992"
"BU00032","Thom","Croux","10/9/1961"
"BU00033","Tanhya","Mosedall","6/5/1961"
"BU00034","Petronella","Edsall","11/6/2001"
"BU00035","Phillis","Tatershall","4/4/1963"
"BU00036","Marius","Mancell","4/16/1975"
"BU00037","Seymour","Mabb","4/16/1963"
"BU00038","Linette","Shorbrook","4/5/2003"
"BU00039","Rena","Woodhead","3/29/1997"
"BU00040","Raymund","Houston","11/27/1985"
"BU00041","Catrina","Hawkridge","8/23/1994"
"BU00042","Cherry","Stockney","5/24/2001"
"BU00043","Raimund","Hammerich","7/20/1993"
"BU00044","Christoph","Penwright","7/1/2003"
"BU00045","Merlina","Behrendsen","6/24/1985"
"BU00046","Gaylene","Jaksic","4/6/1977"
"BU00047","Grissel","Iannuzzi","9/16/1969"
"BU00048","Katti","Newbold","9/20/2004"
"BU00049","Harland","Hassekl","12/22/1966"
"BU00050","Desi","Quinion","10/9/1960"
"BU00051","Gaylor","Handford","11/19/2002"
"BU00052","Caterina","Gosalvez","12/13/1967"
"BU00053","Dewain","Stener","4/30/1981"
"BU00054","Jaclyn","Northleigh","12/9/1971"
"BU00055","Jocelyn","Ayliffe","2/4/1966"
"BU00056","Debbie","Stanyland","4/2/1960"
"BU00057","Peria","Gilloran","9/22/2002"
"BU00058","Madonna","Scuse","8/25/1980"
"BU00059","Floyd","Heberden","2/2/1991"
"BU00060","Thom","Nadin","2/9/1978"
"BU00061","Ario","Stockhill","9/6/1989"
"BU00062","Quill","Reuter","7/28/2003"
"BU00063","Cletis","Casley","6/30/1961"
"BU00064","Dorisa","Pulver","4/19/2003"
"BU00065","Vivi","Frostdick","4/16/1984"
"BU00066","Angelique","Capell","1/4/1997"
"BU00067","Simone","Youngs","3/28/1974"
"BU00068","Dierdre","Reese","11/6/1995"
"BU00069","Murielle","McGuggy","3/3/1978"
"BU00070","Ammamaria","Kropach","3/17/2002"
"BU00071","Catharine","Jeavon","5/16/1985"
"BU00072","Darci","Jelf","3/25/1964"
"BU00073","Evie","Oldrey","7/24/1993"
"BU00074","Jourdan","Bassford","6/17/1971"
"BU00075","Glynnis","Liddyard","8/15/1969"
"BU00076","Shelba","Wofenden","1/31/1987"
"BU00077","Bren","Mullis","2/3/1995"
"BU00078","Hyacinthia","Beales","12/29/1964"
"BU00079","Boot","Poel","6/17/1960"
"BU00080","Bartholomew","Forsdike","6/1/1994"
"BU00081","Gustie","Paslow","1/18/1961"
"BU00082","Stacey","Salliss","8/5/1992"
"BU00083","Valenka","Hurring","10/2/1983"
"BU00084","Caralie","Whitchurch","6/12/1970"
"BU00085","Forster","Murkin","3/26/1977"
"BU00086","Avram","Peverell","6/9/1991"
"BU00087","Ester","Zimmerman","11/7/1961"
"BU00088","Javier","Lindblad","3/3/1981"
"BU00089","Haley","Midson","6/2/1966"
"BU00090","Alexandre","Hillan","1/11/1978"
"BU00091","Edgardo","Renals","6/10/1986"
"BU00092","Alexander","Francais","8/2/1975"
"BU00093","Hyman","Coulbeck","10/6/1976"
"BU00094","Renault","Bloxsom","1/9/1993"
"BU00095","Blane","Fowley","7/12/1974"
"BU00096","Charil","Kall","11/4/1976"
"BU00097","Patsy","Gainsborough","9/4/1962"
"BU00098","Elizabet","McConville","2/1/1992"
"BU00099","Elbertina","Sollowaye","3/29/1984"
"BU00100","Evania","Rozycki","11/14/1967"
"BU00101","Cathe","MacKey","4/1/1962"
"BU00102","Halette","Durward","11/12/1971"
"BU00103","Antonius","Buret","6/7/1967"
"BU00104","Trip","Smurthwaite","6/1/1999"
"BU00105","Bastien","Woolliams","1/10/1973"
"BU00106","Francesca","Tooker","2/16/1975"
"BU00107","Aylmer","Dennehy","5/3/1970"
"BU00108","Thatcher","Mehmet","6/15/1989"
"BU00109","Marve","Sabate","11/3/1976"
"BU00110","Donica","Reyna","4/7/1981"
"BU00111","Glynis","Lampe","2/29/1972"
"BU00112","Freddie","Brazear","7/4/1990"
"BU00113","Leelah","Gowdy","1/3/1989"
"BU00114","Arliene","Wortt","7/3/1986"
"BU00115","Lauri","Canadine","4/17/1978"
"BU00116","Mord","Cristol","10/15/1990"
"BU00117","Florentia","Ikins","10/26/1990"
"BU00118","Carlen","Crouse","6/7/2000"
"BU00119","Adan","Lettley","4/23/1995"
"BU00120","Joya","Case","7/14/1974"
"BU00121","Susi","Lebarree","4/20/1992"
"BU00122","Cully","Stowers","1/28/1985"
"BU00123","Harvey","Cookes","10/25/2001"
"BU00124","Devondra","Gwillim","8/25/1989"
"BU00125","Arny","Sawtell","9/7/1970"
"BU00126","Darin","Spiring","10/23/1972"
"BU00127","Horten","Nagle","4/7/1984"
"BU00128","Giovanna","Larcombe","8/13/1988"
"BU00129","Dickie","Larmouth","7/13/1992"
"BU00130","Allie","Dunston","12/10/1966"
"BU00131","Kirsteni","Chat","12/28/1986"
"BU00132","Holly-anne","Fackney","3/4/1994"
"BU00133","Cleve","Lowndes","9/3/1983"
"BU00134","Nolana","Searles","10/17/2001"
"BU00135","Lilias","Spinetti","4/15/1986"
"BU00136","Gay","Heaven","3/13/1962"
"BU00137","Shayne","Fowlestone","8/14/1962"
"BU00138","Hubey","MacLucais","8/1/2002"
"BU00139","Chalmers","Matushevitz","9/23/1985"
"BU00140","Mignonne","Fuge","8/28/1991"
"BU00141","Nina","Schole","8/19/1990"
"BU00142","Zacharia","Blackaller","1/13/1980"
"BU00143","Noreen","Norway","12/31/1980"
"BU00144","Mortimer","Titterrell","3/11/1971"
"BU00145","Isaak","Dyke","10/17/1985"
"BU00146","Alma","Schaben","5/2/1992"
"BU00147","Annissa","MacGhee","3/27/1979"
"BU00148","Lindsay","MacLaverty","12/30/1974"
"BU00149","Zach","Kynastone","6/20/1962"
"BU00150","Kathleen","Roundtree","10/16/1982"
"BU00151","Richmond","Carrier","2/13/1982"
"BU00152","Lil","Feaveryear","3/20/1979"
"BU00153","Cyrus","Bygrove","1/31/1964"
"BU00154","Keelia","Dymoke","10/18/1996"
"BU00155","Bronnie","Joannet","11/20/1982"
"BU00156","Lina","McGeady","1/27/1977"
"BU00157","Trevor","Litster","6/19/1982"
"BU00158","Babbie","Beckwith","9/26/1989"
"BU00159","Joycelin","Terrey","9/30/1965"
"BU00160","Bevvy","Bickley","2/4/1975"
"BU00161","Letizia","Blumfield","5/3/1964"
"BU00162","Zonda","Maillard","4/5/1996"
"BU00163","Pasquale","Fruchter","1/19/1985"
"BU00164","Bridget","Wanek","11/20/1964"
"BU00165","Gardner","Lockett","4/17/1971"
"BU00166","Mirna","Monday","4/5/1963"
"BU00167","Aubert","Service","3/25/1966"
"BU00168","Laure","Bratch","4/14/1975"
"BU00169","Clemmie","Kennham","8/15/1969"
"BU00170","Jillie","Woodrough","8/20/1961"
"BU00171","Livvie","Wonfor","1/13/1987"
"BU00172","Bernhard","Bickell","5/1/1979"
"BU00173","Ryley","Gadesby","8/21/1969"
"BU00174","Sherry","Delue","4/27/1963"
"BU00175","Federica","Awmack","9/4/1981"
"BU00176","Emera","Gorey","3/14/1982"
"BU00177","Keen","Klagge","4/6/2004"
"BU00178","Marline","Olenichev","2/11/1992"
"BU00179","Lizzie","Casserly","3/28/1974"
"BU00180","Fergus","Bromige","7/15/1982"
"BU00181","Blake","Malbon","5/19/1980"
"BU00182","Hillier","Skeel","7/11/1990"
"BU00183","Haroun","Boatright","7/16/1997"
"BU00184","Dionisio","McLenahan","2/28/1967"
"BU00185","Evvie","Torrie","11/23/1970"
"BU00186","Papagena","Schober","2/18/1978"
"BU00187","Floyd","Tinghill","6/1/1977"
"BU00188","Susana","Artus","9/24/1968"
"BU00189","Avrit","Milier","8/18/1992"
"BU00190","Celestina","Withinshaw","9/7/1978"
"BU00191","Selena","Fullegar","4/18/1996"
"BU00192","Wayland","Ballantine","1/12/1978"
"BU00193","Anny","Arnaez","4/21/1999"
"BU00194","Charlot","Arlidge","8/21/1989"
"BU00195","Patsy","Palser","11/21/1964"
"BU00196","Adrien","MacDermand","7/22/1969"
"BU00197","Flory","Smye","11/2/1966"
"BU00198","Brooks","Dargie","11/2/1992"
"BU00199","Melonie","Kivelhan","9/14/1993"
"BU00200","Odille","Coupland","6/5/1994"
"BU00201","Orly","Bigley","6/5/1971"
"BU00202","Binny","Heighton","3/4/1993"
"BU00203","Shell","Worster","10/21/1990"
"BU00204","Bonita","Badby","10/23/1995"
"BU00205","Winnifred","Mawson","10/26/1984"
"BU00206","Margeaux","Valiant","5/16/2004"
"BU00207","Bridget","Klemenz","4/22/1978"
"BU00208","Sonnnie","Bazeley","1/6/1981"
"BU00209","Odelle","Chessum","11/20/1975"
"BU00210","Kippy","Jasiak","10/11/1999"
"BU00211","Christin","Rupprecht","4/4/1987"
"BU00212","Leandra","Sigfrid","12/16/1995"
"BU00213","Brande","Bedder","1/18/2002"
"BU00214","Carlee","Jozwicki","3/12/1993"
"BU00215","Stephanie","Punyer","5/13/1981"
"BU00216","Marquita","Scrane","5/30/1967"
"BU00217","Colleen","Conaghy","10/19/1990"
"BU00218","Angelica","Lamp","11/17/1993"
"BU00219","Gustav","Arndell","8/1/1966"
"BU00220","Tammi","Banaszewski","3/13/1962"
"BU00221","Wyatt","Rudland","3/3/1993"
"BU00222","Ealasaid","Jovasevic","7/9/1973"
"BU00223","Van","Meharry","2/5/1971"
"BU00224","Alfie","Docksey","1/21/1992"
"BU00225","Francis","McCourtie","6/22/1968"
"BU00226","Joleen","Gonoude","9/5/2004"
"BU00227","Ruddy","Willcott","12/2/1983"
"BU00228","Marie","Ferriday","11/6/1965"
"BU00229","Gayelord","Ragles","5/2/1993"
"BU00230","Lauralee","Gent","7/23/1979"
"BU00231","Ade","Leddy","2/28/1965"
"BU00232","Giuditta","Praill","12/21/1972"
"BU00233","Dorisa","Gebby","5/19/1960"
"BU00234","Davidson","Fishley","3/30/1986"
"BU00235","Jacynth","Gulleford","7/9/1997"
"BU00236","Haze","Faragher","11/21/1974"
"BU00237","Vera","Arents","9/6/1984"
"BU00238","Edy","Lochet","6/2/1991"
"BU00239","Ravid","Cavalier","7/2/2004"
"BU00240","Vina","Twiggins","3/1/1965"
"BU00241","Dedra","MacTrusty","2/2/1980"
"BU00242","Jeffry","Rizon","6/5/1964"
"BU00243","Weylin","Pickover","4/30/1981"
"BU00244","Titos","Belverstone","1/4/1973"
"BU00245","Robena","Eckley","11/6/2002"
"BU00246","Leland","Cammock","11/25/1973"
"BU00247","Stanly","Bretelle","6/29/1999"
"BU00248","Oona","Ackrill","12/16/1997"
"BU00249","Madelaine","Dmtrovic","8/30/1976"
"BU00250","Micky","Petkens","10/12/2003"
"BU00251","Abbi","Riseborough","7/3/1973"
"BU00252","Missy","Fleckno","9/8/1989"
"BU00253","Jillian","Gallop","10/7/1986"
"BU00254","Stavros","Pickrell","8/29/2003"
"BU00255","Care","Diack","9/3/1978"
"BU00256","Walden","Crebbin","1/23/1967"
"BU00257","Tremain","Fortoun","2/9/1972"
"BU00258","Janeva","Dick","10/6/1985"
"BU00259","Randi","Staniforth","5/22/1967"
"BU00260","Any","Groger","4/6/2002"
"BU00261","Lucina","Heigho","8/12/1970"
"BU00262","Margaretta","Hairesnape","7/22/1975"
"BU00263","Benedikt","Nickoll","3/11/1960"
"BU00264","Davina","Laible","10/13/1977"
"BU00265","Maje","Rorke","12/17/1972"
"BU00266","Perl","Gambell","9/15/1965"
"BU00267","Aridatha","Toulch","9/4/1972"
"BU00268","Trudie","Matfin","5/12/1998"
"BU00269","Andy","Pedrol","4/9/2004"
"BU00270","Christoforo","Iron","2/6/1979"
"BU00271","Linnea","Sly","6/27/1962"
"BU00272","Svend","Illes","11/2/1967"
"BU00273","Aluino","Percival","1/28/1965"
"BU00274","Constantina","Playle","5/5/1998"
"BU00275","Uriah","Karby","9/6/1974"
"BU00276","Jeanne","Sillwood","1/23/1965"
"BU00277","Nertie","Dunsford","4/8/1974"
"BU00278","Fitzgerald","MacNally","5/31/1982"
"BU00279","Dannie","Presslee","10/22/1998"
"BU00280","Gray","Bulfield","5/9/1974"
"BU00281","Carson","Pendlebury","10/30/1965"
"BU00282","Kirsti","Lobley","8/15/1993"
"BU00283","Janella","Miskin","2/27/1984"
"BU00284","Spense","Gummary","5/19/2002"
"BU00285","Chelsey","Koeppke","7/12/1993"
"BU00286","Caesar","Tilne","3/3/1982"
"BU00287","Elliot","Wildsmith","8/17/1999"
"BU00288","Phineas","Mallabone","2/22/1984"
"BU00289","Tildie","Ferreras","9/16/1993"
"BU00290","Felicle","Bending","5/7/1961"
"BU00291","Eadmund","Bott","9/29/1994"
"BU00292","Salomo","Emanuel","10/27/1997"
"BU00293","Karoly","Leban","12/27/1997"
"BU00294","Corie","Birkin","7/8/1991"
"BU00295","Bartlet","Henstridge","7/30/1983"
"BU00296","Florentia","Tupie","12/5/2003"
"BU00297","Kerr","Tyler","5/21/1972"
"BU00298","Dilly","Penreth","12/7/1993"
"BU00299","Boone","Llywarch","12/25/1995"
"BU00300","Molli","Eunson","6/26/1997"
"BU00301","Reinwald","Berrane","6/19/2000"
"BU00302","Farrand","Collet","2/6/1984"
"BU00303","Conny","Lafranconi","3/8/1979"
"BU00304","Leena","Penhallurick","11/15/1988"
"BU00305","Garnette","McSparran","3/27/1964"
"BU00306","Riva","Abazi","12/27/2003"
"BU00307","Jamey","Neilands","8/18/2002"
"BU00308","Wilmar","Balk","6/8/1989"
"BU00309","Terri-jo","Lyttle","6/10/2003"
"BU00310","Jocelyne","Turneux","10/3/1979"
"BU00311","Nicolea","Carlesi","11/21/1963"
"BU00312","Kathrine","Sincock","3/2/1983"
"BU00313","Misty","Pestor","7/17/1991"
"BU00314","Amos","Caser","11/20/1991"
"BU00315","Gwendolyn","Squires","2/27/1969"
"BU00316","Cherianne","Denver","3/21/1986"
"BU00317","Rex","Crisall","4/2/1969"
"BU00318","Livvyy","Ladyman","2/4/1995"
"BU00319","Kali","Mifflin","11/7/1997"
"BU00320","Harrie","Surby","7/6/1997"
"BU00321","Cynthie","Essame","8/31/1999"
"BU00322","Mick","Ryburn","5/18/1994"
"BU00323","Lance","Chadwen","11/13/1999"
"BU00324","Marne","Savery","11/7/1981"
"BU00325","Mirabel","Dienes","12/10/1971"
"BU00326","Merci","Forsaith","11/10/1960"
"BU00327","Eustace","Falloon","4/11/2000"
"BU00328","Maynord","Schroeder","1/23/1981"
"BU00329","Darnall","Rout","3/3/1972"
"BU00330","Thomas","Shory","2/17/2005"
"BU00331","Sylas","McJerrow","6/21/1976"
"BU00332","Baldwin","Godridge","3/6/1977"
"BU00333","Pepe","McQueen","9/23/1991"
"BU00334","Wade","Philipson","5/1/1995"
"BU00335","Saundra","Arman","4/11/1994"
"BU00336","Marten","Ferrea","2/2/1973"
"BU00337","Eberto","Waymont","10/25/1996"
"BU00338","Dorie","Chazerand","9/2/1982"
"BU00339","Ynes","Wem","7/8/2004"
"BU00340","Chere","Terrazzo","5/23/1985"
"BU00341","Maddi","Malafe","1/26/1975"
"BU00342","Winfield","Simionescu","5/10/1970"
"BU00343","Sonnie","Lages","10/11/1966"
"BU00344","Ann","Kinker","7/7/1960"
"BU00345","Odell","Minigo","1/21/1977"
"BU00346","Schuyler","Folcarelli","11/23/2002"
"BU00347","Tully","Elks","11/30/1969"
"BU00348","Jermaine","Philson","5/17/1997"
"BU00349","Allys","Scambler","4/8/1961"
"BU00350","Kary","Pluck","10/20/1992"
"BU00351","Jase","Jenner","12/4/1980"
"BU00352","Alard","Skirvin","8/4/1980"
"BU00353","Arlena","Condie","1/23/1978"
"BU00354","Hercules","Cambridge","10/18/1992"
"BU00355","Darcey","Durnall","5/20/1966"
"BU00356","Leo","Birks","8/2/2004"
"BU00357","Aurora","Ramard","3/25/1975"
"BU00358","Josephina","Daid","8/16/1985"
"BU00359","Marje","Mixon","5/21/2000"
"BU00360","Dido","Willowby","3/31/1991"
"BU00361","Fay","Wolstenholme","4/5/2000"
"BU00362","Findlay","Benez","10/11/1976"
"BU00363","Hartley","Dearing","5/25/1977"
"BU00364","Mikaela","MacEntee","11/3/1966"
"BU00365","Patrica","Dundendale","9/25/1980"
"BU00366","Jorgan","Kellen","1/4/1961"
"BU00367","Faina","Beney","10/23/1989"
"BU00368","Lindy","Taffie","4/22/1972"
"BU00369","Riley","McKeighen","7/24/1963"
"BU00370","Bianka","Maylott","3/9/1988"
"BU00371","Odilia","Bellwood","7/18/1978"
"BU00372","Petronille","Killby","7/27/1989"
"BU00373","Jacquetta","Kuhnwald","8/28/1985"
"BU00374","Zechariah","Gentzsch","6/15/1974"
"BU00375","Renaldo","Startin","8/15/1999"
"BU00376","Chaunce","Loveman","10/30/1971"
"BU00377","Anatole","Sevitt","4/18/1984"
"BU00378","Eileen","Tidridge","5/14/1985"
"BU00379","Rhea","Bachellier","4/24/1967"
"BU00380","Lilian","Driver","12/29/1962"
"BU00381","Sammy","Duesbury","9/3/1986"
"BU00382","Berna","Channing","6/30/1966"
"BU00383","Chadwick","Ayrs","1/29/1983"
"BU00384","Jannelle","Searight","12/30/1984"
"BU00385","Chadd","Raiment","3/5/2003"
"BU00386","Lindsey","Dolby","4/21/1988"
"BU00387","Amabelle","Grist","1/20/1996"
"BU00388","Ranee","Sattin","4/23/1973"
"BU00389","Vonnie","Ramet","12/29/1994"
"BU00390","Alasdair","Mogg","10/8/1964"
"BU00391","Winona","Gateshill","6/9/1990"
"BU00392","Joanie","Falla","9/12/1999"
"BU00393","Windy","Hollebon","1/1/1961"
"BU00394","Janela","Lucus","1/12/1995"
"BU00395","Rocky","Siman","4/5/1997"
"BU00396","Stacey","Villaret","1/24/1987"
"BU00397","Colleen","Alastair","9/26/1986"
"BU00398","Avrit","Amiss","4/19/1993"
"BU00399","Bernie","Kleynermans","8/26/1993"
"BU00400","Alyssa","Hilhouse","3/30/1969"
"BU00401","Phillis","Barwis","4/5/1981"
"BU00402","Andy","Sparshatt","3/1/1995"
"BU00403","Orlan","Oldrey","5/8/1999"
"BU00404","Torre","d'Arcy","7/24/1968"
"BU00405","Ely","McAlroy","2/24/1968"
"BU00406","Goddard","Ablewhite","8/21/1964"
"BU00407","Harrietta","Tremeer","10/12/1976"
"BU00408","Rivalee","Arsnell","3/1/1967"
"BU00409","Price","Gjerde","3/22/1993"
"BU00410","Graig","Palister","6/21/2002"
"BU00411","Cristy","Broom","5/8/1964"
"BU00412","Theodore","Gurge","10/8/2002"
"BU00413","Mathilda","Tupper","3/28/1971"
"BU00414","Hermina","Ashbee","2/10/1969"
"BU00415","Lucias","McQuorkel","11/3/1961"
"BU00416","Morgan","Colquitt","4/11/1979"
"BU00417","Marlon","Luis","11/19/1969"
"BU00418","Dru","Skyram","5/11/1996"
"BU00419","Corry","Prinett","3/6/1984"
"BU00420","Russell","Skpsey","7/4/1980"
"BU00421","Marlie","Varty","8/9/1971"
"BU00422","Felike","Wiltsher","3/17/1965"
"BU00423","Reggie","Kezor","9/26/1996"
"BU00424","Cordelie","Lindell","11/12/1986"
"BU00425","Geoffry","Pothecary","10/10/1985"
"BU00426","Sybila","Houseman","5/21/2002"
"BU00427","Michel","Greeno","1/25/2003"
"BU00428","Tibold","Cummungs","12/5/1994"
"BU00429","Rhoda","Brandenburg","4/3/1976"
"BU00430","Annnora","Ladley","3/28/1978"
"BU00431","Arnoldo","Truscott","10/6/1980"
"BU00432","Maureene","Balcers","3/3/1981"
"BU00433","Amber","Curwood","3/26/1967"
"BU00434","Salvidor","Bleyman","7/6/1992"
"BU00435","Walton","Parkes","9/11/1982"
"BU00436","Idelle","Teesdale","2/4/1965"
"BU00437","Pearline","Emmanueli","11/20/1975"
"BU00438","Pris","Skirvane","2/17/1990"
"BU00439","Filmer","Callcott","7/23/1994"
"BU00440","Fairfax","Bretton","11/11/1983"
"BU00441","Meggy","Camous","10/11/1972"
"BU00442","Gwynne","Boeter","8/24/1972"
"BU00443","Carlita","Duesberry","8/16/1964"
"BU00444","Batholomew","Behagg","12/30/1981"
"BU00445","Lettie","Davisson","4/24/1965"
"BU00446","Norry","Boshard","11/30/1961"
"BU00447","Tallie","Haller","4/10/1963"
"BU00448","Mollee","Schiefersten","4/23/1990"
"BU00449","Ynez","Addicote","3/13/1992"
"BU00450","Robers","Winslade","5/25/1970"
"BU00451","Shirleen","Yarr","9/10/1997"
"BU00452","Thornie","Kamien","2/13/1979"
"BU00453","Buck","Loseke","3/16/2002"
"BU00454","Ogdan","Pfleger","12/10/1973"
"BU00455","Melessa","Brewett","9/30/1971"
"BU00456","Constantine","Ropkins","2/23/1988"
"BU00457","Gertrudis","Borrow","6/20/2001"
"BU00458","Jennee","Rathe","10/16/1986"
"BU00459","Lindon","Gollin","11/23/1980"
"BU00460","Vannie","Mowat","7/3/1976"
"BU00461","Jaynell","Greggs","2/22/2001"
"BU00462","Filia","Swin","3/19/1987"
"BU00463","Leisha","Fulkes","3/13/1970"
"BU00464","Drucy","Tarbatt","1/28/1999"
"BU00465","Joannes","Trim","7/26/2001"
"BU00466","Brianna","Olenchenko","4/25/1981"
"BU00467","Gaspard","Darmody","3/11/1965"
"BU00468","Derick","Stovine","8/15/1974"
"BU00469","Tirrell","Tomei","12/7/1983"
"BU00470","Maximilianus","Milhench","8/3/1981"
"BU00471","Dane","Bater","3/12/1976"
"BU00472","Hephzibah","Ghost","5/2/2001"
"BU00473","Rosabel","Edger","9/28/1999"
"BU00474","Griswold","Ferrick","8/11/1986"
"BU00475","Gertrudis","Sikora","4/12/1974"
"BU00476","Cornelius","McFfaden","8/25/1968"
"BU00477","Darci","Berntssen","6/4/1988"
"BU00478","Izabel","Scudder","4/22/1990"
"BU00479","Lexi","Coathup","3/20/1994"
"BU00480","Ricca","Lepope","10/19/1960"
"BU00481","Nadine","Edgeworth","1/8/1983"
"BU00482","Rriocard","Gallemore","7/7/1986"
"BU00483","Olia","Mannock","11/3/1991"
"BU00484","Tedda","Scrooby","6/4/1975"
"BU00485","Pauly","Camell","4/22/2002"
"BU00486","Pip","Paulitschke","3/8/1981"
"BU00487","Elvera","Dowell","11/9/1982"
"BU00488","Letti","Vass","11/11/1985"
"BU00489","Ole","Hendrichs","3/14/1963"
"BU00490","Gard","Riccioppo","4/19/1963"
"BU00491","Yvonne","Whillock","3/8/1969"
"BU00492","Marlon","Dewdeny","4/22/1991"
"BU00493","Cherianne","Binnion","11/2/1981"
"BU00494","Joyann","Haulkham","12/22/1962"
"BU00495","Chase","Dussy","9/1/1978"
"BU00496","Clark","Sherebrook","12/31/1976"
"BU00497","Orton","Petyankin","5/3/1972"
"BU00498","Legra","Willimot","1/4/2001"
"BU00499","Dannye","Yvon","1/2/1991"
"BU00500","Nichole","Rodriguez","8/20/1979"
"BU00501","Mariejeanne","Giottoi","3/25/1976"
"BU00502","Binnie","Busby","5/1/1971"
"BU00503","Ida","Thiem","6/24/1999"
"BU00504","Nisse","Du Fray","10/1/1967"
"BU00505","Colman","Badsey","3/31/1989"
"BU00506","Lanni","Naisbitt","10/15/1988"
"BU00507","Kittie","McConway","3/3/1980"
"BU00508","Lenna","Madill","8/26/1962"
"BU00509","Elle","Jaynes","10/29/1962"
"BU00510","Bebe","Scripture","8/12/1995"
"BU00511","Fedora","Rillatt","6/8/2004"
"BU00512","Laetitia","Ainsworth","11/13/1984"
"BU00513","Coralie","Scoggan","10/18/2003"
"BU00514","Robina","Hiers","11/28/2000"
"BU00515","Wallache","Kumaar","10/26/1972"
"BU00516","Raimondo","Frankom","5/1/1977"
"BU00517","Evvie","Treend","3/15/1967"
"BU00518","Barthel","Mazzey","8/20/1970"
"BU00519","Philippe","Griss","3/2/2001"
"BU00520","Judith","Trundell","11/27/1965"
"BU00521","Haslett","Woliter","8/10/1960"
"BU00522","Wade","Buist","1/29/1986"
"BU00523","Nancey","Dominighi","5/29/1992"
"BU00524","Hillard","Tricker","11/9/1979"
"BU00525","Dodi","Sysland","9/1/2000"
"BU00526","Julietta","Grew","2/7/1967"
"BU00527","Salome","Tilbury","1/28/2001"
"BU00528","Kayla","Ellerey","7/25/1975"
"BU00529","Candis","Voules","7/18/1980"
"BU00530","Hetti","Kleinplac","7/10/1995"
"BU00531","Jorry","Furbank","5/24/1976"
"BU00532","Tracee","Harbage","4/14/1964"
"BU00533","Maddy","McGeady","10/21/1986"
"BU00534","Hartwell","Quince","4/5/1968"
"BU00535","Bailey","Whiteson","5/29/1963"
"BU00536","Teodorico","Brodley","8/25/1981"
"BU00537","Melvin","Ivanyushkin","10/24/1992"
"BU00538","Alecia","Liverock","10/27/1978"
"BU00539","Marget","Thornbarrow","10/22/1969"
"BU00540","Alexis","Lillgard","9/4/1998"
"BU00541","King","Rowantree","2/5/1965"
"BU00542","Niall","Cloughton","10/5/1993"
"BU00543","Morley","Schulkins","9/23/1969"
"BU00544","Ward","McGaughie","7/30/1961"
"BU00545","Lavena","Brandt","11/18/1972"
"BU00546","Granger","Moss","1/2/1988"
"BU00547","Cathlene","Scimonelli","6/29/1972"
"BU00548","Freemon","Attewell","9/13/2000"
"BU00549","Dov","Ballintime","12/15/1981"
"BU00550","Trevar","Dullingham","6/26/1979"
"BU00551","Eal","Kirby","8/18/1999"
"BU00552","Idelle","Genese","7/31/1999"
"BU00553","Lucas","Gribben","11/19/1978"
"BU00554","Jory","Todeo","4/20/1996"
"BU00555","Omero","Jerdan","2/5/1974"
"BU00556","Elijah","Rawsthorne","5/19/1977"
"BU00557","Milena","Godfray","4/5/2002"
"BU00558","Gisela","De Andreis","6/14/1985"
"BU00559","Perceval","Capelle","12/18/1998"
"BU00560","Rene","Shingler","1/25/1963"
"BU00561","Consuela","Bacher","5/20/1971"
"BU00562","Rabbi","Brownbridge","3/17/1975"
"BU00563","Bertina","Restieaux","5/5/1965"
"BU00564","Koressa","Hover","11/19/1966"
"BU00565","Ruthann","Adshad","6/18/1996"
"BU00566","Lianne","Maccari","5/9/1966"
"BU00567","Garnet","Burrage","3/3/1993"
"BU00568","Ardine","Scrowton","4/12/2001"
"BU00569","Shandeigh","Airey","7/14/1972"
"BU00570","Elka","McCoole","3/10/1993"
"BU00571","Ambrose","Attewell","8/30/1979"
"BU00572","Selig","McDavitt","12/22/1965"
"BU00573","Shanta","Erni","1/8/1965"
"BU00574","Zora","Kirby","3/8/1991"
"BU00575","Garret","Carmichael","9/24/1980"
"BU00576","Burton","Dignam","10/12/1993"
"BU00577","Arabelle","Mathieu","10/23/1995"
"BU00578","Janek","Gallihawk","3/16/1966"
"BU00579","Michal","Standley","8/11/1996"
"BU00580","Petra","Colwill","7/10/1974"
"BU00581","Tabor","Worswick","1/8/1987"
"BU00582","Martguerita","Hazart","1/13/1971"
"BU00583","Beverlee","Troppmann","3/7/1964"
"BU00584","Karee","Stadden","5/23/1970"
"BU00585","Lorene","Gianasi","10/30/1987"
"BU00586","Meg","Kielt","6/14/1965"
"BU00587","Doroteya","Sandell","2/3/1972"
"BU00588","Barney","Coule","5/20/1981"
"BU00589","Joby","Ramalho","9/29/1976"
"BU00590","Gabriell","Antognazzi","6/6/1993"
"BU00591","Dilan","Mulholland","2/25/1966"
"BU00592","Merna","Antram","1/16/1961"
"BU00593","Shanan","Riach","5/23/1980"
"BU00594","Brandy","Goodin","6/23/1967"
"BU00595","Court","O' Mullane","11/14/1976"
"BU00596","Dean","Rosita","12/7/1994"
"BU00597","Carce","Lathe","9/19/1995"
"BU00598","Myrtice","Dowglass","9/29/1987"
"BU00599","Salim","McCrainor","5/8/1983"
"BU00600","Murielle","Dabel","3/4/1994"
"BU00601","Jeralee","Waleworke","11/14/1978"
"BU00602","Hadley","McGurn","6/8/1966"
"BU00603","Doralia","Seyffert","12/22/1966"
"BU00604","Mallorie","Pepin","1/19/1995"
"BU00605","Curtice","Mapston","7/15/2002"
"BU00606","Henrietta","Jameson","7/22/1983"
"BU00607","Berty","Kedward","11/11/1989"
"BU00608","Thea","Priestman","11/24/1989"
"BU00609","Orran","Vanetti","9/29/1981"
"BU00610","Derwin","Allwell","6/5/1999"
"BU00611","Mellisent","Crickett","3/12/1963"
"BU00612","Biddie","Wettern","9/4/1988"
"BU00613","Johnnie","Sallowaye","8/18/1961"
"BU00614","Cam","Amiss","8/23/1974"
"BU00615","Tucker","Lembcke","1/4/1987"
"BU00616","Tamma","Neubigging","5/1/1960"
"BU00617","Venus","Shorthill","12/22/1987"
"BU00618","Bernette","Carmen","5/22/1985"
"BU00619","Barby","Cheavin","3/11/1994"
"BU00620","Eydie","Monelli","12/11/2004"
"BU00621","Iain","Embling","6/9/1993"
"BU00622","Stevana","Wakelam","8/28/1979"
"BU00623","Kristi","Skae","7/12/1977"
"BU00624","Iago","McQuirter","12/31/1964"
"BU00625","Reine","Yukhov","5/9/1979"
"BU00626","Lind","Stickel","9/2/2001"
"BU00627","Nathalie","Deevey","12/16/1966"
"BU00628","Evania","Zieme","7/14/1998"
"BU00629","Coriss","Stoute","9/2/1968"
"BU00630","Patten","Pendle","11/13/1994"
"BU00631","Winifield","Cody","2/13/1986"
"BU00632","Alena","Pinckard","6/6/1991"
"BU00633","Beitris","Caruth","3/25/1973"
"BU00634","Shirlee","Thorogood","7/17/1989"
"BU00635","Emmet","Ridge","1/1/1992"
"BU00636","Maryjane","Dupree","6/27/1980"
"BU00637","Sofia","Jurasek","1/2/1963"
"BU00638","Maitilde","Curteis","5/25/1964"
"BU00639","Town","De Carteret","3/13/1963"
"BU00640","Cristie","Barkas","8/22/1976"
"BU00641","Kort","Huntley","11/23/1963"
"BU00642","Melva","Winfindale","5/20/1996"
"BU00643","Valdemar","Batchelour","3/24/1975"
"BU00644","Hank","Sprakes","5/21/1975"
"BU00645","Mirelle","Bateman","11/8/1984"
"BU00646","Allx","Caroli","8/5/1975"
"BU00647","Gaston","Dukes","5/16/1973"
"BU00648","Fredi","Patron","1/2/1985"
"BU00649","Yetta","Trenholm","1/13/1982"
"BU00650","Gottfried","Grafhom","7/27/2000"
"BU00651","Corby","Hapgood","12/13/1974"
"BU00652","Ximenez","Winskill","10/5/1983"
"BU00653","Tania","Chaters","1/21/1974"
"BU00654","Ammamaria","Wilcocke","1/31/1973"
"BU00655","Archaimbaud","Macknish","6/5/1965"
"BU00656","Lenci","Weightman","2/6/1966"
"BU00657","Winnah","Gillison","3/5/1985"
"BU00658","Tiffany","Ruslinge","1/12/1993"
"BU00659","Tyson","Vouls","10/16/1989"
"BU00660","Chrissy","Sokill","9/12/2001"
"BU00661","Jedd","Clery","8/3/1986"
"BU00662","Patrizius","Joberne","4/24/1990"
"BU00663","Udale","Glede","7/6/1962"
"BU00664","Irina","Stranaghan","6/14/1963"
"BU00665","Rodina","Mobbs","8/29/1977"
"BU00666","Chelsey","Sneyd","7/23/1975"
"BU00667","Dewitt","Crevagh","8/19/1980"
"BU00668","Lauryn","Dyett","11/5/1984"
"BU00669","Inessa","Flasby","10/28/1971"
"BU00670","Marcelle","Fish","4/21/1994"
"BU00671","Lev","Whitewood","3/2/1972"
"BU00672","Eustacia","Coxen","2/12/2001"
"BU00673","Nicola","Nower","12/15/1966"
"BU00674","Linea","Eaves","5/5/2003"
"BU00675","Star","McIsaac","8/30/1963"
"BU00676","Goldarina","Streat","11/8/1962"
"BU00677","Harris","Guillou","7/4/1994"
"BU00678","Kirsteni","Gergus","7/16/1964"
"BU00679","Conchita","Randle","7/16/1980"
"BU00680","Fianna","Presland","9/27/1971"
"BU00681","Zacharias","Bruyett","5/2/1988"
"BU00682","Timmie","Le Leu","3/1/2002"
"BU00683","Saul","Mohamed","6/19/2000"
"BU00684","Armstrong","Saterthwait","6/2/1990"
"BU00685","Cicily","Vell","5/29/1993"
"BU00686","Steffie","McDowall","11/22/1990"
"BU00687","Cathee","Fearnside","1/19/1973"
"BU00688","Meara","Tims","12/24/1993"
"BU00689","Marj","Konke","11/18/1972"
"BU00690","Sheilakathryn","Braybrookes","3/23/1973"
"BU00691","Fidelia","Luckcock","9/17/1976"
"BU00692","Nikoletta","Elmes","3/12/1974"
"BU00693","Christoph","Petzold","3/6/1969"
"BU00694","Phedra","Quirke","12/2/1996"
"BU00695","Lauri","Conaghy","8/11/1986"
"BU00696","Redd","Strapp","1/6/2001"
"BU00697","Sharla","Wymer","5/10/2000"
"BU00698","Odella","Junkin","2/13/1980"
"BU00699","Cozmo","Fotherby","12/25/1994"
"BU00700","Di","Aslum","1/24/1970"
"BU00701","Reggie","Woodworth","8/7/1967"
"BU00702","Joan","Tydd","7/4/1975"
"BU00703","Cybill","Baythorp","7/28/1983"
"BU00704","Stacee","Stileman","1/2/1967"
"BU00705","Martin","Blaisdale","9/16/1987"
"BU00706","Addi","Dysart","1/7/1967"
"BU00707","Isobel","Cassidy","6/2/1960"
"BU00708","Faye","Houseago","3/23/1980"
"BU00709","Virginie","Lago","9/10/1996"
"BU00710","Sheela","Grose","2/9/2001"
"BU00711","Chandal","Matresse","9/14/2003"
"BU00712","Camala","Hallor","11/11/1971"
"BU00713","Veda","Dishman","12/5/1986"
"BU00714","Ryann","Ribeiro","10/15/1987"
"BU00715","Dolly","Surgeon","8/13/1965"
"BU00716","Mead","Langford","3/1/1984"
"BU00717","Harley","Pile","6/19/1988"
"BU00718","Kizzie","Blaszkiewicz","10/21/2003"
"BU00719","Lynnelle","Baffin","5/19/1994"
"BU00720","Hoebart","Raiman","5/10/1972"
"BU00721","Eada","Sparkwill","1/25/1967"
"BU00722","Charmine","Handlin","7/20/1962"
"BU00723","Edd","Statham","10/15/1989"
"BU00724","Brena","Ruhben","7/16/1975"
"BU00725","Elsa","McCrea","6/29/1993"
"BU00726","Electra","Pasmore","11/5/1994"
"BU00727","Thia","Esterbrook","9/29/1998"
"BU00728","Audi","McEllen","7/4/2003"
"BU00729","Rosetta","Ughi","12/8/1965"
"BU00730","Meade","Acreman","10/27/2001"
"BU00731","Catriona","Devonald","9/11/2000"
"BU00732","Hilton","Baxstair","1/5/1998"
"BU00733","Bebe","Watchorn","12/7/1967"
"BU00734","Alverta","Bartoszewicz","11/28/2004"
"BU00735","Rodd","Langland","4/9/1999"
"BU00736","Jehu","Showers","8/10/1974"
"BU00737","Leslie","Spatarul","6/3/1999"
"BU00738","Laraine","Tolliday","2/27/1996"
"BU00739","Bobbie","Cristofol","1/4/1969"
"BU00740","Imelda","Kitcherside","9/22/1960"
"BU00741","Catlin","Dymocke","5/4/2001"
"BU00742","Ethyl","Erett","11/13/1969"
"BU00743","Melodee","Londors","12/18/1966"
"BU00744","Madel","Campo","4/11/1964"
"BU00745","Dyanne","Oldland","3/3/2001"
"BU00746","Corney","Salter","10/9/1977"
"BU00747","Jon","Pacey","11/10/1977"
"BU00748","Darcee","Varfolomeev","10/14/1970"
"BU00749","Saunder","Ochterlonie","2/18/1987"
"BU00750","Klarika","Danis","4/22/1993"
"BU00751","Brant","Plumridge","6/9/1967"
"BU00752","Brandice","Lippett","12/5/2001"
"BU00753","Darrelle","Blood","7/5/1983"
"BU00754","Leda","Brend","8/31/1960"
"BU00755","Elisabet","Parsley","12/13/1993"
"BU00756","Renaud","Defty","1/28/1981"
"BU00757","Carly","Till","3/19/1989"
"BU00758","Neall","Chapple","3/30/2001"
"BU00759","Noelyn","Fawlks","4/7/1982"
"BU00760","Odilia","Risebarer","4/27/1966"
"BU00761","Alasteir","Speirs","5/3/1993"
"BU00762","Inez","Allonby","8/4/1978"
"BU00763","Redford","Sakins","9/7/1967"
"BU00764","Jackelyn","Guntrip","2/4/1985"
"BU00765","Binni","Musgrove","9/14/1992"
"BU00766","Blaire","Thurley","10/1/1989"
"BU00767","Rora","McGeoch","10/22/2002"
"BU00768","Annalise","Klugel","9/30/1986"
"BU00769","Cathrin","Puleque","8/8/1970"
"BU00770","Liza","Cottesford","6/7/1978"
"BU00771","Walsh","Valder","1/17/2004"
"BU00772","Rorie","Eastope","3/15/1979"
"BU00773","Erma","Aucutt","9/26/1963"
"BU00774","Jess","Hadye","4/20/1986"
"BU00775","Lucita","Hillatt","7/15/1961"
"BU00776","Evey","Squire","9/1/1964"
"BU00777","Roarke","Bridgwater","9/17/1983"
"BU00778","Giralda","McGloin","12/20/2002"
"BU00779","Hazlett","Ahrendsen","4/1/2002"
"BU00780","Laney","Chieco","4/19/1965"
"BU00781","Brucie","Krauze","7/3/1985"
"BU00782","Liv","Handrock","4/2/1984"
"BU00783","Welby","Skirlin","1/3/1990"
"BU00784","Rica","Want","1/20/1985"
"BU00785","Teddie","Pordal","6/16/2004"
"BU00786","Norbie","Mack","5/9/1993"
"BU00787","Pryce","Chalfont","4/16/1985"
"BU00788","Taylor","Mattityahou","5/16/1977"
"BU00789","Zebulon","Cowins","9/18/1971"
"BU00790","Herrick","Szymanowski","2/19/1996"
"BU00791","Brent","Jullian","5/16/1969"
"BU00792","Ferne","Prophet","6/24/1980"
"BU00793","Gerri","Menhenitt","9/14/2001"
"BU00794","Blancha","Calbreath","9/29/1976"
"BU00795","Maury","Geldard","2/5/1993"
"BU00796","Genevra","Lyles","4/8/1972"
"BU00797","Grenville","Addington","6/12/1993"
"BU00798","Skye","Comettoi","8/4/1982"
"BU00799","Lindi","Belding","5/31/1960"
"BU00800","Langston","Slora","8/14/1986"
"BU00801","Biddie","Coffin","8/12/2000"
"BU00802","Audi","Santi","1/25/1964"
"BU00803","Welby","O'Brian","4/9/1969"
"BU00804","Clementine","Voller","12/2/1989"
"BU00805","Gamaliel","Bugden","6/4/1971"
"BU00806","Lanita","Weber","10/22/1991"
"BU00807","Orion","Shayes","1/17/1967"
"BU00808","Herman","Simester","8/27/1965"
"BU00809","Moina","Boughton","11/12/1993"
"BU00810","Trula","Zupa","3/1/1965"
"BU00811","Rosalynd","Decayette","12/11/1982"
"BU00812","Dacy","Fenech","3/16/1981"
"BU00813","Katuscha","McArtan","4/20/1976"
"BU00814","Savina","Edmenson","1/30/1972"
"BU00815","Giordano","Redpath","10/8/1998"
"BU00816","Angy","Kacheler","3/7/1975"
"BU00817","Cordie","Callear","9/20/1970"
"BU00818","Andres","Braunlein","10/3/1975"
"BU00819","Archaimbaud","Blease","11/22/1988"
"BU00820","Calley","Lathwell","11/1/1970"
"BU00821","Lou","Blader","11/17/2002"
"BU00822","Felice","Siss","6/20/1963"
"BU00823","Verina","Radbourne","5/1/1961"
"BU00824","Leonerd","Crumbie","7/16/1976"
"BU00825","Angeli","Cleverley","4/8/2001"
"BU00826","Hiram","Ryce","12/15/1998"
"BU00827","Marcel","Showl","8/28/1998"
"BU00828","Elfreda","Cowthart","12/12/1980"
"BU00829","Patric","Gallacher","5/20/1984"
"BU00830","Emyle","Bysaker","4/3/1990"
"BU00831","Storm","Klulik","8/19/1978"
"BU00832","Rudolfo","Gonnet","10/25/1970"
"BU00833","Beret","Ackenson","11/11/2001"
"BU00834","Audrye","Whight","9/9/1985"
"BU00835","Mercie","Dermot","4/19/1965"
"BU00836","Janeva","Cliffe","9/2/1991"
"BU00837","Karolina","Avrasin","6/4/1963"
"BU00838","Jerome","Buesnel","12/6/1978"
"BU00839","Berte","Maypole","12/19/1970"
"BU00840","Jessalyn","McTrustie","9/23/1980"
"BU00841","Sileas","Belison","7/22/1997"
"BU00842","Reinold","Teall","9/23/1989"
"BU00843","Marjy","Di Biasio","7/11/1974"
"BU00844","Christa","Tofanini","7/3/1999"
"BU00845","Simona","McDiarmid","7/22/1987"
"BU00846","Britney","Jersch","12/10/1995"
"BU00847","Hobie","Berzons","8/17/1971"
"BU00848","Reinhard","Denham","1/8/1975"
"BU00849","Maris","Danshin","2/9/1972"
"BU00850","Karil","Czaja","4/15/1961"
"BU00851","Cleve","Francis","12/17/1985"
"BU00852","Charis","Sarton","8/5/1973"
"BU00853","Falkner","Reeders","5/21/1966"
"BU00854","Silvester","Cayford","1/2/1980"
"BU00855","Ruggiero","Wainer","7/20/1992"
"BU00856","Linus","Brazil","5/30/1996"
"BU00857","Thibaut","Stockley","9/13/1984"
"BU00858","Ramon","Boddymead","4/10/1992"
"BU00859","Pammi","Crutchfield","10/20/1997"
"BU00860","Brnaba","Peele","2/9/1979"
"BU00861","Redd","Biesterfeld","1/16/1961"
"BU00862","Joel","Braundt","11/19/1961"
"BU00863","Itch","Florez","10/9/1990"
"BU00864","Dalton","Drever","9/10/1964"
"BU00865","Trixi","Pengelley","5/27/1995"
"BU00866","Prentice","Brothwell","8/17/2003"
"BU00867","Eugen","Skeels","3/6/2002"
"BU00868","Trstram","Waddington","1/7/1985"
"BU00869","Hartley","Hassey","5/13/1987"
"BU00870","Rebeca","Sibborn","7/31/1979"
"BU00871","Orlando","McLauchlin","12/1/1965"
"BU00872","Parsifal","Scoggan","9/6/1978"
"BU00873","Jermaine","Hanbidge","10/2/1989"
"BU00874","Sybila","Maginot","5/27/1974"
"BU00875","Lilly","Toffaloni","6/24/1987"
"BU00876","Darrin","Kinsella","1/22/1998"
"BU00877","Leonardo","Craydon","12/20/1998"
"BU00878","Bernarr","Roches","6/17/2003"
"BU00879","Dania","Drieu","9/16/1976"
"BU00880","Donnajean","McKay","12/1/1987"
"BU00881","Chrissie","Kelshaw","12/5/1969"
"BU00882","Nicolas","Burril","7/27/1984"
"BU00883","Allie","Mowsdill","8/30/1971"
"BU00884","Ulrich","Teideman","6/7/2003"
"BU00885","Erie","Antley","4/2/2003"
"BU00886","Abbi","Lambird","4/11/1963"
"BU00887","Horacio","Minihane","12/16/1998"
"BU00888","Derick","Aickin","11/15/1998"
"BU00889","Washington","Durgan","4/14/1979"
"BU00890","Spencer","Walbrook","1/16/1968"
"BU00891","Mitchael","Dowglass","3/19/1973"
"BU00892","Sonia","Flaverty","2/7/1994"
"BU00893","Iseabal","Corfield","6/8/1985"
"BU00894","Anitra","Cohalan","11/30/1971"
"BU00895","Chaunce","Chazelas","8/15/1977"
"BU00896","Romola","Woodyatt","9/18/1993"
"BU00897","Rebekkah","Hurnell","4/28/2002"
"BU00898","Gusta","Ciementini","1/5/1972"
"BU00899","Richard","Huff","7/4/1998"
"BU00900","Galvin","Luckcuck","10/3/1982"
"BU00901","Ari","Tull","5/26/2000"
"BU00902","Billy","Abramowsky","2/11/1995"
"BU00903","Brandtr","Daniely","12/29/1964"
"BU00904","Karlens","Solan","5/3/1974"
"BU00905","Issiah","Clemenza","4/26/1961"
"BU00906","Ariel","Wainer","2/16/1985"
"BU00907","Carley","Von Welden","12/27/1970"
"BU00908","Ross","McCuaig","1/2/1965"
"BU00909","Tatiana","Chable","12/13/1986"
"BU00910","Jeni","Britnell","8/10/1964"
"BU00911","Morten","Santore","3/16/1962"
"BU00912","Cecil","Core","2/26/1988"
"BU00913","Marleen","Domino","5/24/1964"
"BU00914","Bobbee","Comettoi","6/27/1995"
"BU00915","Tim","McAvin","8/19/1986"
"BU00916","Madlen","Biggs","5/13/1985"
"BU00917","Gibbie","Dallicoat","10/7/1983"
"BU00918","Lukas","Cariss","11/10/1980"
"BU00919","Jackson","Barehead","8/18/1999"
"BU00920","Flem","Lias","12/1/1978"
"BU00921","Norma","Peplaw","12/16/1975"
"BU00922","Brittney","Oldacre","9/16/1998"
"BU00923","Gwen","Pardy","3/26/1965"
"BU00924","Richy","Caudray","3/28/1995"
"BU00925","Olivie","Murrell","3/13/1998"
"BU00926","Brian","Janek","8/3/1960"
"BU00927","Lavinia","Brewin","6/1/1983"
"BU00928","Boothe","Drummond","6/19/1968"
"BU00929","Boniface","Lugton","1/23/1977"
"BU00930","Arnoldo","Hollidge","5/21/1966"
"BU00931","Tommy","Currer","12/8/1960"
"BU00932","Rand","Padkin","6/18/1976"
"BU00933","Wilburt","Guyonnet","10/3/1968"
"BU00934","Wilhelm","Shoutt","5/6/1995"
"BU00935","Ernest","Rayhill","9/1/1993"
"BU00936","Read","Mattam","2/27/2001"
"BU00937","Patrick","Bows","1/17/1995"
"BU00938","Xever","Slark","4/19/1978"
"BU00939","Carling","Sier","5/6/1960"
"BU00940","Ricky","Shelly","9/7/1978"
"BU00941","Morgen","Howland","9/11/1985"
"BU00942","Alden","Mutter","6/1/1962"
"BU00943","Joelynn","Trudgion","5/23/1985"
"BU00944","Melina","Toomey","12/24/1976"
"BU00945","Cyrus","Norrie","7/23/1979"
"BU00946","Happy","Luipold","11/12/1977"
"BU00947","Xavier","Spurnier","4/29/1996"
"BU00948","Leonard","Pettifor","3/20/2003"
"BU00949","Taite","Pitcaithly","8/23/1979"
"BU00950","Sargent","Matisse","12/4/1967"
"BU00951","Fred","Bosley","12/24/1975"
"BU00952","Alphard","Spellar","4/26/1981"
"BU00953","Adorne","Maseres","7/19/2002"
"BU00954","Sally","Bushby","9/19/2004"
"BU00955","Wilfred","Teodoro","3/20/1985"
"BU00956","Reuben","Stanion","12/16/1968"
"BU00957","Fax","Jacklings","2/1/1999"
"BU00958","Nyssa","Caris","11/8/1991"
"BU00959","Had","Spawforth","11/14/1993"
"BU00960","Jarad","Jantel","8/17/2002"
"BU00961","Tarah","Beak","7/22/1971"
"BU00962","Ossie","Garnham","5/2/2002"
"BU00963","Karrah","Pachta","6/9/1992"
"BU00964","Brod","Greenlies","3/3/1989"
"BU00965","Callean","Guerriero","5/16/1970"
"BU00966","Gabbey","Pettet","7/8/1995"
"BU00967","Jenelle","Nieass","6/11/1975"
"BU00968","Valerie","Ashe","2/10/1981"
"BU00969","Taddeo","Minty","9/22/1961"
"BU00970","Ninnette","Bartkiewicz","4/2/1979"
"BU00971","Wilmer","MacKessock","12/27/1974"
"BU00972","Horatius","Bolles","3/30/1961"
"BU00973","Zachary","Poulter","5/8/1975"
"BU00974","Hewett","Mealham","6/29/1961"
"BU00975","Brigida","Thomelin","9/6/1968"
"BU00976","Osmund","Kestell","12/8/1970"
"BU00977","Swen","Tschursch","5/3/1981"
"BU00978","Fernando","Brookfield","3/11/1962"
"BU00979","Becka","Streeton","10/5/2004"
"BU00980","Meg","Brahms","1/24/1984"
"BU00981","Meara","Renackowna","10/14/1999"
"BU00982","Solly","Branche","3/7/1999"
"BU00983","Lock","Soltan","9/21/1973"
"BU00984","Debera","Sexti","5/21/1980"
"BU00985","Moise","Proudlock","10/16/1967"
"BU00986","Jennifer","Skeates","10/24/1962"
"BU00987","Gertrudis","Keough","8/13/1961"
"BU00988","Loren","Bendel","7/15/1993"
"BU00989","Davy","Greggersen","4/6/1974"
"BU00990","Bree","Ragdale","7/29/1972"
"BU00991","Hendrik","Yakushkev","11/19/1994"
"BU00992","Stu","Prozillo","2/22/1983"
"BU00993","Melisse","Cheers","2/7/1968"
"BU00994","Ellene","Watsam","1/4/2002"
"BU00995","Brewster","Stallen","7/4/2000"
"BU00996","Willy","Stove","1/9/1964"
"BU00997","Conrado","Mowbury","6/12/1998"
"BU00998","Olive","Heaney","9/1/1996"
"BU00999","Cherilyn","Nann","4/14/1998"
"BU01000","Brietta","McIlvaney","6/26/1979"
