buyer_id,first_name,last_name,date_of_birth,address_id
BU00001,Trish,Fedder,28/06/74,AD00810
BU00002,Sula,Yurukhin,18/03/71,AD00469
BU00003,Horton,Ferrario,03/05/88,AD00885
BU00004,Felic,Franceschielli,05/01/64,AD00322
BU00005,Curry,Weild,23/04/00,AD00040
BU00006,Bernadene,Axston,08/02/86,AD00742
BU00007,Jasen,Archard,01/08/74,AD00065
BU00008,Reta,Faithfull,17/05/61,AD00230
BU00009,Cointon,Ayrs,27/07/76,AD00673
BU00010,Gale,McIlwrick,13/09/04,AD00346
BU00011,Gunar,Mathers,08/07/63,AD00387
BU00012,Logan,Wardle,16/02/97,AD00332
BU00013,Vivyan,Annear,09/09/63,AD00991
BU00014,Annmaria,Kearley,07/10/90,AD00983
BU00015,Rubia,Frawley,19/10/69,AD00281
BU00016,Meryl,Litchfield,13/09/64,AD00032
BU00017,Karleen,Sussems,07/05/75,AD00396
BU00018,Lenore,Brownell,20/09/87,AD00628
BU00019,Douglas,Gobat,01/01/77,AD00795
BU00020,Danny,Lownes,07/02/74,AD00875
BU00021,Codi,Almack,01/07/62,AD00770
BU00022,Judye,Iacobacci,04/09/88,AD00326
BU00023,Berry,Conklin,12/12/86,AD00477
BU00024,Loy,Cosgrive,24/03/90,AD00534
BU00025,Amelie,Baden,29/04/82,AD00242
BU00026,Rafe,Matys,13/04/70,AD00691
BU00027,Gael,O'Keevan,25/04/01,AD00500
BU00028,Zedekiah,Murt,28/11/62,AD00018
BU00029,Cortney,Cejka,19/04/67,AD00176
BU00030,Giavani,Dulen,17/04/88,AD00169
BU00031,Marvin,Tuckerman,11/10/92,AD00527
BU00032,Thom,Croux,09/10/61,AD00212
BU00033,Tanhya,Mosedall,05/06/61,AD00380
BU00034,Petronella,Edsall,06/11/01,AD00976
BU00035,Phillis,Tatershall,04/04/63,AD00159
BU00036,Marius,Mancell,16/04/75,AD00582
BU00037,Seymour,Mabb,16/04/63,AD00499
BU00038,Linette,Shorbrook,05/04/03,AD00074
BU00039,Rena,Woodhead,29/03/97,AD00922
BU00040,Raymund,Houston,27/11/85,AD00768
BU00041,Catrina,Hawkridge,23/08/94,AD00958
BU00042,Cherry,Stockney,24/05/01,AD00324
BU00043,Raimund,Hammerich,20/07/93,AD00100
BU00044,Christoph,Penwright,01/07/03,AD00378
BU00045,Merlina,Behrendsen,24/06/85,AD00403
BU00046,Gaylene,Jaksic,06/04/77,AD00986
BU00047,Grissel,Iannuzzi,16/09/69,AD00142
BU00048,Katti,Newbold,20/09/04,AD00841
BU00049,Harland,Hassekl,22/12/66,AD00494
BU00050,Desi,Quinion,09/10/60,AD00764
BU00051,Gaylor,Handford,19/11/02,AD00411
BU00052,Caterina,Gosalvez,13/12/67,AD00833
BU00053,Dewain,Stener,30/04/81,AD00167
BU00054,Jaclyn,Northleigh,09/12/71,AD00408
BU00055,Jocelyn,Ayliffe,04/02/66,AD00102
BU00056,Debbie,Stanyland,02/04/60,AD00227
BU00057,Peria,Gilloran,22/09/02,AD00536
BU00058,Madonna,Scuse,25/08/80,AD00465
BU00059,Floyd,Heberden,02/02/91,AD00009
BU00060,Thom,Nadin,09/02/78,AD00581
BU00061,Ario,Stockhill,06/09/89,AD00904
BU00062,Quill,Reuter,28/07/03,AD00944
BU00063,Cletis,Casley,30/06/61,AD00340
BU00064,Dorisa,Pulver,19/04/03,AD00129
BU00065,Vivi,Frostdick,16/04/84,AD00071
BU00066,Angelique,Capell,04/01/97,AD00520
BU00067,Simone,Youngs,28/03/74,AD00372
BU00068,Dierdre,Reese,06/11/95,AD00141
BU00069,Murielle,McGuggy,03/03/78,AD00029
BU00070,Ammamaria,Kropach,17/03/02,AD00451
BU00071,Catharine,Jeavon,16/05/85,AD00478
BU00072,Darci,Jelf,25/03/64,AD00697
BU00073,Evie,Oldrey,24/07/93,AD00115
BU00074,Jourdan,Bassford,17/06/71,AD00951
BU00075,Glynnis,Liddyard,15/08/69,AD00455
BU00076,Shelba,Wofenden,31/01/87,AD00070
BU00077,Bren,Mullis,03/02/95,AD00754
BU00078,Hyacinthia,Beales,29/12/64,AD00056
BU00079,Boot,Poel,17/06/60,AD00690
BU00080,Bartholomew,Forsdike,01/06/94,AD00092
BU00081,Gustie,Paslow,18/01/61,AD00819
BU00082,Stacey,Salliss,05/08/92,AD00766
BU00083,Valenka,Hurring,02/10/83,AD00506
BU00084,Caralie,Whitchurch,12/06/70,AD00012
BU00085,Forster,Murkin,26/03/77,AD00265
BU00086,Avram,Peverell,09/06/91,AD00033
BU00087,Ester,Zimmerman,07/11/61,AD00419
BU00088,Javier,Lindblad,03/03/81,AD00882
BU00089,Haley,Midson,02/06/66,AD00299
BU00090,Alexandre,Hillan,11/01/78,AD00051
BU00091,Edgardo,Renals,10/06/86,AD00939
BU00092,Alexander,Francais,02/08/75,AD00545
BU00093,Hyman,Coulbeck,06/10/76,AD00312
BU00094,Renault,Bloxsom,09/01/93,AD00905
BU00095,Blane,Fowley,12/07/74,AD00676
BU00096,Charil,Kall,04/11/76,AD00266
BU00097,Patsy,Gainsborough,04/09/62,AD00184
BU00098,Elizabet,McConville,01/02/92,AD00852
BU00099,Elbertina,Sollowaye,29/03/84,AD00784
BU00100,Evania,Rozycki,14/11/67,AD00829
BU00101,Cathe,MacKey,01/04/62,AD00698
BU00102,Halette,Durward,12/11/71,AD00514
BU00103,Antonius,Buret,07/06/67,AD00692
BU00104,Trip,Smurthwaite,01/06/99,AD00659
BU00105,Bastien,Woolliams,10/01/73,AD00827
BU00106,Francesca,Tooker,16/02/75,AD00712
BU00107,Aylmer,Dennehy,03/05/70,AD00715
BU00108,Thatcher,Mehmet,15/06/89,AD00363
BU00109,Marve,Sabate,03/11/76,AD00892
BU00110,Donica,Reyna,07/04/81,AD00749
BU00111,Glynis,Lampe,29/02/72,AD00077
BU00112,Freddie,Brazear,04/07/90,AD00038
BU00113,Leelah,Gowdy,03/01/89,AD00069
BU00114,Arliene,Wortt,03/07/86,AD00131
BU00115,Lauri,Canadine,17/04/78,AD00818
BU00116,Mord,Cristol,15/10/90,AD00696
BU00117,Florentia,Ikins,26/10/90,AD00777
BU00118,Carlen,Crouse,07/06/00,AD00879
BU00119,Adan,Lettley,23/04/95,AD00918
BU00120,Joya,Case,14/07/74,AD00552
BU00121,Susi,Lebarree,20/04/92,AD00444
BU00122,Cully,Stowers,28/01/85,AD00688
BU00123,Harvey,Cookes,25/10/01,AD00797
BU00124,Devondra,Gwillim,25/08/89,AD00218
BU00125,Arny,Sawtell,07/09/70,AD00683
BU00126,Darin,Spiring,23/10/72,AD00203
BU00127,Horten,Nagle,07/04/84,AD00126
BU00128,Giovanna,Larcombe,13/08/88,AD00503
BU00129,Dickie,Larmouth,13/07/92,AD00906
BU00130,Allie,Dunston,10/12/66,AD00253
BU00131,Kirsteni,Chat,28/12/86,AD00945
BU00132,Holly-anne,Fackney,04/03/94,AD00118
BU00133,Cleve,Lowndes,03/09/83,AD00277
BU00134,Nolana,Searles,17/10/01,AD00174
BU00135,Lilias,Spinetti,15/04/86,AD00449
BU00136,Gay,Heaven,13/03/62,AD00468
BU00137,Shayne,Fowlestone,14/08/62,AD00206
BU00138,Hubey,MacLucais,01/08/02,AD00522
BU00139,Chalmers,Matushevitz,23/09/85,AD00178
BU00140,Mignonne,Fuge,28/08/91,AD00849
BU00141,Nina,Schole,19/08/90,AD00897
BU00142,Zacharia,Blackaller,13/01/80,AD00775
BU00143,Noreen,Norway,31/12/80,AD00259
BU00144,Mortimer,Titterrell,11/03/71,AD00954
BU00145,Isaak,Dyke,17/10/85,AD00238
BU00146,Alma,Schaben,02/05/92,AD00303
BU00147,Annissa,MacGhee,27/03/79,AD00887
BU00148,Lindsay,MacLaverty,30/12/74,AD00919
BU00149,Zach,Kynastone,20/06/62,AD00215
BU00150,Kathleen,Roundtree,16/10/82,AD00156
BU00151,Richmond,Carrier,13/02/82,AD00262
BU00152,Lil,Feaveryear,20/03/79,AD00704
BU00153,Cyrus,Bygrove,31/01/64,AD00618
BU00154,Keelia,Dymoke,18/10/96,AD00316
BU00155,Bronnie,Joannet,20/11/82,AD00101
BU00156,Lina,McGeady,27/01/77,AD00485
BU00157,Trevor,Litster,19/06/82,AD00550
BU00158,Babbie,Beckwith,26/09/89,AD00633
BU00159,Joycelin,Terrey,30/09/65,AD00222
BU00160,Bevvy,Bickley,04/02/75,AD00564
BU00161,Letizia,Blumfield,03/05/64,AD00787
BU00162,Zonda,Maillard,05/04/96,AD00695
BU00163,Pasquale,Fruchter,19/01/85,AD00035
BU00164,Bridget,Wanek,20/11/64,AD00358
BU00165,Gardner,Lockett,17/04/71,AD00803
BU00166,Mirna,Monday,05/04/63,AD00448
BU00167,Aubert,Service,25/03/66,AD00756
BU00168,Laure,Bratch,14/04/75,AD00946
BU00169,Clemmie,Kennham,15/08/69,AD00344
BU00170,Jillie,Woodrough,20/08/61,AD00349
BU00171,Livvie,Wonfor,13/01/87,AD00466
BU00172,Bernhard,Bickell,01/05/79,AD00898
BU00173,Ryley,Gadesby,21/08/69,AD00436
BU00174,Sherry,Delue,27/04/63,AD00969
BU00175,Federica,Awmack,04/09/81,AD00997
BU00176,Emera,Gorey,14/03/82,AD00400
BU00177,Keen,Klagge,06/04/04,AD00912
BU00178,Marline,Olenichev,11/02/92,AD00682
BU00179,Lizzie,Casserly,28/03/74,AD00221
BU00180,Fergus,Bromige,15/07/82,AD00916
BU00181,Blake,Malbon,19/05/80,AD00121
BU00182,Hillier,Skeel,11/07/90,AD00190
BU00183,Haroun,Boatright,16/07/97,AD00295
BU00184,Dionisio,McLenahan,28/02/67,AD00948
BU00185,Evvie,Torrie,23/11/70,AD00292
BU00186,Papagena,Schober,18/02/78,AD00718
BU00187,Floyd,Tinghill,01/06/77,AD00261
BU00188,Susana,Artus,24/09/68,AD00734
BU00189,Avrit,Milier,18/08/92,AD00792
BU00190,Celestina,Withinshaw,07/09/78,AD00992
BU00191,Selena,Fullegar,18/04/96,AD00719
BU00192,Wayland,Ballantine,12/01/78,AD00762
BU00193,Anny,Arnaez,21/04/99,AD00488
BU00194,Charlot,Arlidge,21/08/89,AD00442
BU00195,Patsy,Palser,21/11/64,AD00619
BU00196,Adrien,MacDermand,22/07/69,AD00811
BU00197,Flory,Smye,02/11/66,AD00137
BU00198,Brooks,Dargie,02/11/92,AD00424
BU00199,Melonie,Kivelhan,14/09/93,AD00752
BU00200,Odille,Coupland,05/06/94,AD00367
BU00201,Orly,Bigley,05/06/71,AD00057
BU00202,Binny,Heighton,04/03/93,AD00693
BU00203,Shell,Worster,21/10/90,AD00884
BU00204,Bonita,Badby,23/10/95,AD00711
BU00205,Winnifred,Mawson,26/10/84,AD00996
BU00206,Margeaux,Valiant,16/05/04,AD00576
BU00207,Bridget,Klemenz,22/04/78,AD00381
BU00208,Sonnnie,Bazeley,06/01/81,AD00166
BU00209,Odelle,Chessum,20/11/75,AD00890
BU00210,Kippy,Jasiak,11/10/99,AD00774
BU00211,Christin,Rupprecht,04/04/87,AD00307
BU00212,Leandra,Sigfrid,16/12/95,AD00011
BU00213,Brande,Bedder,18/01/02,AD00359
BU00214,Carlee,Jozwicki,12/03/93,AD00463
BU00215,Stephanie,Punyer,13/05/81,AD00561
BU00216,Marquita,Scrane,30/05/67,AD00407
BU00217,Colleen,Conaghy,19/10/90,AD00109
BU00218,Angelica,Lamp,17/11/93,AD00635
BU00219,Gustav,Arndell,01/08/66,AD00247
BU00220,Tammi,Banaszewski,13/03/62,AD00091
BU00221,Wyatt,Rudland,03/03/93,AD00458
BU00222,Ealasaid,Jovasevic,09/07/73,AD00484
BU00223,Van,Meharry,05/02/71,AD00836
BU00224,Alfie,Docksey,21/01/92,AD00183
BU00225,Francis,McCourtie,22/06/68,AD00623
BU00226,Joleen,Gonoude,05/09/04,AD00663
BU00227,Ruddy,Willcott,02/12/83,AD00095
BU00228,Marie,Ferriday,06/11/65,AD00497
BU00229,Gayelord,Ragles,02/05/93,AD00150
BU00230,Lauralee,Gent,23/07/79,AD00942
BU00231,Ade,Leddy,28/02/65,AD00705
BU00232,Giuditta,Praill,21/12/72,AD00665
BU00233,Dorisa,Gebby,19/05/60,AD00013
BU00234,Davidson,Fishley,30/03/86,AD00158
BU00235,Jacynth,Gulleford,09/07/97,AD00339
BU00236,Haze,Faragher,21/11/74,AD00703
BU00237,Vera,Arents,06/09/84,AD00880
BU00238,Edy,Lochet,02/06/91,AD00798
BU00239,Ravid,Cavalier,02/07/04,AD00081
BU00240,Vina,Twiggins,01/03/65,AD00471
BU00241,Dedra,MacTrusty,02/02/80,AD00274
BU00242,Jeffry,Rizon,05/06/64,AD00089
BU00243,Weylin,Pickover,30/04/81,AD00020
BU00244,Titos,Belverstone,04/01/73,AD00864
BU00245,Robena,Eckley,06/11/02,AD00689
BU00246,Leland,Cammock,25/11/73,AD00193
BU00247,Stanly,Bretelle,29/06/99,AD00473
BU00248,Oona,Ackrill,16/12/97,AD00639
BU00249,Madelaine,Dmtrovic,30/08/76,AD00974
BU00250,Micky,Petkens,12/10/03,AD00603
BU00251,Abbi,Riseborough,03/07/73,AD00911
BU00252,Missy,Fleckno,08/09/89,AD00306
BU00253,Jillian,Gallop,07/10/86,AD00194
BU00254,Stavros,Pickrell,29/08/03,AD00122
BU00255,Care,Diack,03/09/78,AD00982
BU00256,Walden,Crebbin,23/01/67,AD00246
BU00257,Tremain,Fortoun,09/02/72,AD00651
BU00258,Janeva,Dick,06/10/85,AD00094
BU00259,Randi,Staniforth,22/05/67,AD00350
BU00260,Any,Groger,06/04/02,AD00275
BU00261,Lucina,Heigho,12/08/70,AD00456
BU00262,Margaretta,Hairesnape,22/07/75,AD00605
BU00263,Benedikt,Nickoll,11/03/60,AD00895
BU00264,Davina,Laible,13/10/77,AD00979
BU00265,Maje,Rorke,17/12/72,AD00149
BU00266,Perl,Gambell,15/09/65,AD00761
BU00267,Aridatha,Toulch,04/09/72,AD00200
BU00268,Trudie,Matfin,12/05/98,AD00560
BU00269,Andy,Pedrol,09/04/04,AD00964
BU00270,Christoforo,Iron,06/02/79,AD00052
BU00271,Linnea,Sly,27/06/62,AD00422
BU00272,Svend,Illes,02/11/67,AD00135
BU00273,Aluino,Percival,28/01/65,AD00857
BU00274,Constantina,Playle,05/05/98,AD00399
BU00275,Uriah,Karby,06/09/74,AD00891
BU00276,Jeanne,Sillwood,23/01/65,AD00567
BU00277,Nertie,Dunsford,08/04/74,AD00370
BU00278,Fitzgerald,MacNally,31/05/82,AD00216
BU00279,Dannie,Presslee,22/10/98,AD00394
BU00280,Gray,Bulfield,09/05/74,AD00627
BU00281,Carson,Pendlebury,30/10/65,AD00888
BU00282,Kirsti,Lobley,15/08/93,AD00076
BU00283,Janella,Miskin,27/02/84,AD00192
BU00284,Spense,Gummary,19/05/02,AD00039
BU00285,Chelsey,Koeppke,12/07/93,AD00329
BU00286,Caesar,Tilne,03/03/82,AD00154
BU00287,Elliot,Wildsmith,17/08/99,AD00860
BU00288,Phineas,Mallabone,22/02/84,AD00432
BU00289,Tildie,Ferreras,16/09/93,AD00147
BU00290,Felicle,Bending,07/05/61,AD00937
BU00291,Eadmund,Bott,29/09/94,AD00999
BU00292,Salomo,Emanuel,27/10/97,AD00189
BU00293,Karoly,Leban,27/12/97,AD00577
BU00294,Corie,Birkin,08/07/91,AD00900
BU00295,Bartlet,Henstridge,30/07/83,AD00336
BU00296,Florentia,Tupie,05/12/03,AD00440
BU00297,Kerr,Tyler,21/05/72,AD00592
BU00298,Dilly,Penreth,07/12/93,AD00573
BU00299,Boone,Llywarch,25/12/95,AD00048
BU00300,Molli,Eunson,26/06/97,AD00820
BU00301,Reinwald,Berrane,19/06/00,AD00180
BU00302,Farrand,Collet,06/02/84,AD00678
BU00303,Conny,Lafranconi,08/03/79,AD00198
BU00304,Leena,Penhallurick,15/11/88,AD00047
BU00305,Garnette,McSparran,27/03/64,AD00160
BU00306,Riva,Abazi,27/12/03,AD00353
BU00307,Jamey,Neilands,18/08/02,AD00335
BU00308,Wilmar,Balk,08/06/89,AD00205
BU00309,Terri-jo,Lyttle,10/06/03,AD00498
BU00310,Jocelyne,Turneux,03/10/79,AD00938
BU00311,Nicolea,Carlesi,21/11/63,AD00660
BU00312,Kathrine,Sincock,02/03/83,AD00171
BU00313,Misty,Pestor,17/07/91,AD00255
BU00314,Amos,Caser,20/11/91,AD00231
BU00315,Gwendolyn,Squires,27/02/69,AD00821
BU00316,Cherianne,Denver,21/03/86,AD00947
BU00317,Rex,Crisall,02/04/69,AD00321
BU00318,Livvyy,Ladyman,04/02/95,AD00936
BU00319,Kali,Mifflin,07/11/97,AD00809
BU00320,Harrie,Surby,06/07/97,AD00022
BU00321,Cynthie,Essame,31/08/99,AD00607
BU00322,Mick,Ryburn,18/05/94,AD00241
BU00323,Lance,Chadwen,13/11/99,AD00782
BU00324,Marne,Savery,07/11/81,AD00366
BU00325,Mirabel,Dienes,10/12/71,AD00008
BU00326,Merci,Forsaith,10/11/60,AD00773
BU00327,Eustace,Falloon,11/04/00,AD00243
BU00328,Maynord,Schroeder,23/01/81,AD00360
BU00329,Darnall,Rout,03/03/72,AD00026
BU00330,Thomas,Shory,17/02/05,AD00461
BU00331,Sylas,McJerrow,21/06/76,AD00182
BU00332,Baldwin,Godridge,06/03/77,AD00334
BU00333,Pepe,McQueen,23/09/91,AD00104
BU00334,Wade,Philipson,01/05/95,AD00617
BU00335,Saundra,Arman,11/04/94,AD00025
BU00336,Marten,Ferrea,02/02/73,AD00747
BU00337,Eberto,Waymont,25/10/96,AD00240
BU00338,Dorie,Chazerand,02/09/82,AD00185
BU00339,Ynes,Wem,08/07/04,AD00863
BU00340,Chere,Terrazzo,23/05/85,AD00337
BU00341,Maddi,Malafe,26/01/75,AD00464
BU00342,Winfield,Simionescu,10/05/70,AD00418
BU00343,Sonnie,Lages,11/10/66,AD00988
BU00344,Ann,Kinker,07/07/60,AD00930
BU00345,Odell,Minigo,21/01/77,AD00165
BU00346,Schuyler,Folcarelli,23/11/02,AD00621
BU00347,Tully,Elks,30/11/69,AD00791
BU00348,Jermaine,Philson,17/05/97,AD00508
BU00349,Allys,Scambler,08/04/61,AD00208
BU00350,Kary,Pluck,20/10/92,AD00757
BU00351,Jase,Jenner,04/12/80,AD00781
BU00352,Alard,Skirvin,04/08/80,AD00622
BU00353,Arlena,Condie,23/01/78,AD00740
BU00354,Hercules,Cambridge,18/10/92,AD00412
BU00355,Darcey,Durnall,20/05/66,AD00721
BU00356,Leo,Birks,02/08/04,AD00962
BU00357,Aurora,Ramard,25/03/75,AD00825
BU00358,Josephina,Daid,16/08/85,AD00687
BU00359,Marje,Mixon,21/05/00,AD00301
BU00360,Dido,Willowby,31/03/91,AD00631
BU00361,Fay,Wolstenholme,05/04/00,AD00267
BU00362,Findlay,Benez,11/10/76,AD00896
BU00363,Hartley,Dearing,25/05/77,AD00106
BU00364,Mikaela,MacEntee,03/11/66,AD00548
BU00365,Patrica,Dundendale,25/09/80,AD00364
BU00366,Jorgan,Kellen,04/01/61,AD00140
BU00367,Faina,Beney,23/10/89,AD00708
BU00368,Lindy,Taffie,22/04/72,AD00806
BU00369,Riley,McKeighen,24/07/63,AD00910
BU00370,Bianka,Maylott,09/03/88,AD00871
BU00371,Odilia,Bellwood,18/07/78,AD00569
BU00372,Petronille,Killby,27/07/89,AD00714
BU00373,Jacquetta,Kuhnwald,28/08/85,AD00075
BU00374,Zechariah,Gentzsch,15/06/74,AD00155
BU00375,Renaldo,Startin,15/08/99,AD00028
BU00376,Chaunce,Loveman,30/10/71,AD00462
BU00377,Anatole,Sevitt,18/04/84,AD00236
BU00378,Eileen,Tidridge,14/05/85,AD00098
BU00379,Rhea,Bachellier,24/04/67,AD00080
BU00380,Lilian,Driver,29/12/62,AD00738
BU00381,Sammy,Duesbury,03/09/86,AD00952
BU00382,Berna,Channing,30/06/66,AD00495
BU00383,Chadwick,Ayrs,29/01/83,AD00421
BU00384,Jannelle,Searight,30/12/84,AD00636
BU00385,Chadd,Raiment,05/03/03,AD00124
BU00386,Lindsey,Dolby,21/04/88,AD00601
BU00387,Amabelle,Grist,20/01/96,AD00428
BU00388,Ranee,Sattin,23/04/73,AD00902
BU00389,Vonnie,Ramet,29/12/94,AD00252
BU00390,Alasdair,Mogg,08/10/64,AD00345
BU00391,Winona,Gateshill,09/06/90,AD00643
BU00392,Joanie,Falla,12/09/99,AD00555
BU00393,Windy,Hollebon,01/01/61,AD00541
BU00394,Janela,Lucus,12/01/95,AD00333
BU00395,Rocky,Siman,05/04/97,AD00315
BU00396,Stacey,Villaret,24/01/87,AD00108
BU00397,Colleen,Alastair,26/09/86,AD00213
BU00398,Avrit,Amiss,19/04/93,AD00201
BU00399,Bernie,Kleynermans,26/08/93,AD00856
BU00400,Alyssa,Hilhouse,30/03/69,AD00063
BU00401,Phillis,Barwis,05/04/81,AD00130
BU00402,Andy,Sparshatt,01/03/95,AD00031
BU00403,Orlan,Oldrey,08/05/99,AD00509
BU00404,Torre,d'Arcy,24/07/68,AD00453
BU00405,Ely,McAlroy,24/02/68,AD00543
BU00406,Goddard,Ablewhite,21/08/64,AD00977
BU00407,Harrietta,Tremeer,12/10/76,AD00971
BU00408,Rivalee,Arsnell,01/03/67,AD00082
BU00409,Price,Gjerde,22/03/93,AD00264
BU00410,Graig,Palister,21/06/02,AD00099
BU00411,Cristy,Broom,08/05/64,AD00341
BU00412,Theodore,Gurge,08/10/02,AD00268
BU00413,Mathilda,Tupper,28/03/71,AD00271
BU00414,Hermina,Ashbee,10/02/69,AD00984
BU00415,Lucias,McQuorkel,03/11/61,AD00188
BU00416,Morgan,Colquitt,11/04/79,AD00924
BU00417,Marlon,Luis,19/11/69,AD00214
BU00418,Dru,Skyram,11/05/96,AD00371
BU00419,Corry,Prinett,06/03/84,AD00778
BU00420,Russell,Skpsey,04/07/80,AD00517
BU00421,Marlie,Varty,09/08/71,AD00593
BU00422,Felike,Wiltsher,17/03/65,AD00837
BU00423,Reggie,Kezor,26/09/96,AD00758
BU00424,Cordelie,Lindell,12/11/86,AD00851
BU00425,Geoffry,Pothecary,10/10/85,AD00669
BU00426,Sybila,Houseman,21/05/02,AD00748
BU00427,Michel,Greeno,25/01/03,AD00843
BU00428,Tibold,Cummungs,05/12/94,AD00699
BU00429,Rhoda,Brandenburg,03/04/76,AD00103
BU00430,Annnora,Ladley,28/03/78,AD00855
BU00431,Arnoldo,Truscott,06/10/80,AD00993
BU00432,Maureene,Balcers,03/03/81,AD00615
BU00433,Amber,Curwood,26/03/67,AD00684
BU00434,Salvidor,Bleyman,06/07/92,AD00524
BU00435,Walton,Parkes,11/09/82,AD00998
BU00436,Idelle,Teesdale,04/02/65,AD00839
BU00437,Pearline,Emmanueli,20/11/75,AD00832
BU00438,Pris,Skirvane,17/02/90,AD00232
BU00439,Filmer,Callcott,23/07/94,AD00354
BU00440,Fairfax,Bretton,11/11/83,AD00730
BU00441,Meggy,Camous,11/10/72,AD00813
BU00442,Gwynne,Boeter,24/08/72,AD00881
BU00443,Carlita,Duesberry,16/08/64,AD00786
BU00444,Batholomew,Behagg,30/12/81,AD00566
BU00445,Lettie,Davisson,24/04/65,AD00119
BU00446,Norry,Boshard,30/11/61,AD00128
BU00447,Tallie,Haller,10/04/63,AD00861
BU00448,Mollee,Schiefersten,23/04/90,AD00923
BU00449,Ynez,Addicote,13/03/92,AD00369
BU00450,Robers,Winslade,25/05/70,AD00199
BU00451,Shirleen,Yarr,10/09/97,AD00088
BU00452,Thornie,Kamien,13/02/79,AD00538
BU00453,Buck,Loseke,16/03/02,AD00237
BU00454,Ogdan,Pfleger,10/12/73,AD00557
BU00455,Melessa,Brewett,30/09/71,AD00286
BU00456,Constantine,Ropkins,23/02/88,AD00724
BU00457,Gertrudis,Borrow,20/06/01,AD00061
BU00458,Jennee,Rathe,16/10/86,AD00433
BU00459,Lindon,Gollin,23/11/80,AD00186
BU00460,Vannie,Mowat,03/07/76,AD00010
BU00461,Jaynell,Greggs,22/02/01,AD00920
BU00462,Filia,Swin,19/03/87,AD00574
BU00463,Leisha,Fulkes,13/03/70,AD00815
BU00464,Drucy,Tarbatt,28/01/99,AD00741
BU00465,Joannes,Trim,26/07/01,AD00280
BU00466,Brianna,Olenchenko,25/04/81,AD00195
BU00467,Gaspard,Darmody,11/03/65,AD00382
BU00468,Derick,Stovine,15/08/74,AD00640
BU00469,Tirrell,Tomei,07/12/83,AD00844
BU00470,Maximilianus,Milhench,03/08/81,AD00377
BU00471,Dane,Bater,12/03/76,AD00655
BU00472,Hephzibah,Ghost,02/05/01,AD00395
BU00473,Rosabel,Edger,28/09/99,AD00191
BU00474,Griswold,Ferrick,11/08/86,AD00376
BU00475,Gertrudis,Sikora,12/04/74,AD00507
BU00476,Cornelius,McFfaden,25/08/68,AD00290
BU00477,Darci,Berntssen,04/06/88,AD00858
BU00478,Izabel,Scudder,22/04/90,AD00249
BU00479,Lexi,Coathup,20/03/94,AD00388
BU00480,Ricca,Lepope,19/10/60,AD00957
BU00481,Nadine,Edgeworth,08/01/83,AD00114
BU00482,Rriocard,Gallemore,07/07/86,AD00921
BU00483,Olia,Mannock,03/11/91,AD00220
BU00484,Tedda,Scrooby,04/06/75,AD00373
BU00485,Pauly,Camell,22/04/02,AD00733
BU00486,Pip,Paulitschke,08/03/81,AD00642
BU00487,Elvera,Dowell,09/11/82,AD00808
BU00488,Letti,Vass,11/11/85,AD00152
BU00489,Ole,Hendrichs,14/03/63,AD00928
BU00490,Gard,Riccioppo,19/04/63,AD00416
BU00491,Yvonne,Whillock,08/03/69,AD00481
BU00492,Marlon,Dewdeny,22/04/91,AD00588
BU00493,Cherianne,Binnion,02/11/81,AD00563
BU00494,Joyann,Haulkham,22/12/62,AD00644
BU00495,Chase,Dussy,01/09/78,AD00037
BU00496,Clark,Sherebrook,31/12/76,AD00014
BU00497,Orton,Petyankin,03/05/72,AD00737
BU00498,Legra,Willimot,04/01/01,AD00932
BU00499,Dannye,Yvon,02/01/91,AD00413
BU00500,Nichole,Rodriguez,20/08/79,AD00680
BU00501,Mariejeanne,Giottoi,25/03/76,AD00145
BU00502,Binnie,Busby,01/05/71,AD00078
BU00503,Ida,Thiem,24/06/99,AD00423
BU00504,Nisse,Du Fray,01/10/67,AD00309
BU00505,Colman,Badsey,31/03/89,AD00814
BU00506,Lanni,Naisbitt,15/10/88,AD00722
BU00507,Kittie,McConway,03/03/80,AD00454
BU00508,Lenna,Madill,26/08/62,AD00476
BU00509,Elle,Jaynes,29/10/62,AD00675
BU00510,Bebe,Scripture,12/08/95,AD00319
BU00511,Fedora,Rillatt,08/06/04,AD00917
BU00512,Laetitia,Ainsworth,13/11/84,AD00670
BU00513,Coralie,Scoggan,18/10/03,AD00223
BU00514,Robina,Hiers,28/11/00,AD00702
BU00515,Wallache,Kumaar,26/10/72,AD00589
BU00516,Raimondo,Frankom,01/05/77,AD00625
BU00517,Evvie,Treend,15/03/67,AD00620
BU00518,Barthel,Mazzey,20/08/70,AD00225
BU00519,Philippe,Griss,02/03/01,AD00585
BU00520,Judith,Trundell,27/11/65,AD00046
BU00521,Haslett,Woliter,10/08/60,AD00007
BU00522,Wade,Buist,29/01/86,AD00325
BU00523,Nancey,Dominighi,29/05/92,AD00546
BU00524,Hillard,Tricker,09/11/79,AD00980
BU00525,Dodi,Sysland,01/09/00,AD00017
BU00526,Julietta,Grew,07/02/67,AD00097
BU00527,Salome,Tilbury,28/01/01,AD00001
BU00528,Kayla,Ellerey,25/07/75,AD00519
BU00529,Candis,Voules,18/07/80,AD00406
BU00530,Hetti,Kleinplac,10/07/95,AD00005
BU00531,Jorry,Furbank,24/05/76,AD00899
BU00532,Tracee,Harbage,14/04/64,AD00475
BU00533,Maddy,McGeady,21/10/86,AD00079
BU00534,Hartwell,Quince,05/04/68,AD00805
BU00535,Bailey,Whiteson,29/05/63,AD00654
BU00536,Teodorico,Brodley,25/08/81,AD00554
BU00537,Melvin,Ivanyushkin,24/10/92,AD00328
BU00538,Alecia,Liverock,27/10/78,AD00482
BU00539,Marget,Thornbarrow,22/10/69,AD00878
BU00540,Alexis,Lillgard,04/09/98,AD00865
BU00541,King,Rowantree,05/02/65,AD00318
BU00542,Niall,Cloughton,05/10/93,AD00288
BU00543,Morley,Schulkins,23/09/69,AD00019
BU00544,Ward,McGaughie,30/07/61,AD00112
BU00545,Lavena,Brandt,18/11/72,AD00127
BU00546,Granger,Moss,02/01/88,AD00404
BU00547,Cathlene,Scimonelli,29/06/72,AD00652
BU00548,Freemon,Attewell,13/09/00,AD00701
BU00549,Dov,Ballintime,15/12/81,AD00196
BU00550,Trevar,Dullingham,26/06/79,AD00649
BU00551,Eal,Kirby,18/08/99,AD00269
BU00552,Idelle,Genese,31/07/99,AD00591
BU00553,Lucas,Gribben,19/11/78,AD00467
BU00554,Jory,Todeo,20/04/96,AD00298
BU00555,Omero,Jerdan,05/02/74,AD00502
BU00556,Elijah,Rawsthorne,19/05/77,AD00472
BU00557,Milena,Godfray,05/04/02,AD00107
BU00558,Gisela,De Andreis,14/06/85,AD00526
BU00559,Perceval,Capelle,18/12/98,AD00604
BU00560,Rene,Shingler,25/01/63,AD00645
BU00561,Consuela,Bacher,20/05/71,AD00133
BU00562,Rabbi,Brownbridge,17/03/75,AD00426
BU00563,Bertina,Restieaux,05/05/65,AD00551
BU00564,Koressa,Hover,19/11/66,AD00668
BU00565,Ruthann,Adshad,18/06/96,AD00511
BU00566,Lianne,Maccari,09/05/66,AD00386
BU00567,Garnet,Burrage,03/03/93,AD00300
BU00568,Ardine,Scrowton,12/04/01,AD00379
BU00569,Shandeigh,Airey,14/07/72,AD00493
BU00570,Elka,McCoole,10/03/93,AD00113
BU00571,Ambrose,Attewell,30/08/79,AD00614
BU00572,Selig,McDavitt,22/12/65,AD00648
BU00573,Shanta,Erni,08/01/65,AD00430
BU00574,Zora,Kirby,08/03/91,AD00516
BU00575,Garret,Carmichael,24/09/80,AD00646
BU00576,Burton,Dignam,12/10/93,AD00866
BU00577,Arabelle,Mathieu,23/10/95,AD00823
BU00578,Janek,Gallihawk,16/03/66,AD00489
BU00579,Michal,Standley,11/08/96,AD00053
BU00580,Petra,Colwill,10/07/74,AD00584
BU00581,Tabor,Worswick,08/01/87,AD00244
BU00582,Martguerita,Hazart,13/01/71,AD00637
BU00583,Beverlee,Troppmann,07/03/64,AD00877
BU00584,Karee,Stadden,23/05/70,AD00779
BU00585,Lorene,Gianasi,30/10/87,AD00434
BU00586,Meg,Kielt,14/06/65,AD00409
BU00587,Doroteya,Sandell,03/02/72,AD00743
BU00588,Barney,Coule,20/05/81,AD00915
BU00589,Joby,Ramalho,29/09/76,AD00960
BU00590,Gabriell,Antognazzi,06/06/93,AD00392
BU00591,Dilan,Mulholland,25/02/66,AD00177
BU00592,Merna,Antram,16/01/61,AD00707
BU00593,Shanan,Riach,23/05/80,AD00925
BU00594,Brandy,Goodin,23/06/67,AD00674
BU00595,Court,O' Mullane,14/11/76,AD00949
BU00596,Dean,Rosita,07/12/94,AD00002
BU00597,Carce,Lathe,19/09/95,AD00228
BU00598,Myrtice,Dowglass,29/09/87,AD00859
BU00599,Salim,McCrainor,08/05/83,AD00611
BU00600,Murielle,Dabel,04/03/94,AD00542
BU00601,Jeralee,Waleworke,14/11/78,AD00727
BU00602,Hadley,McGurn,08/06/66,AD00883
BU00603,Doralia,Seyffert,22/12/66,AD00556
BU00604,Mallorie,Pepin,19/01/95,AD00045
BU00605,Curtice,Mapston,15/07/02,AD00963
BU00606,Henrietta,Jameson,22/07/83,AD00072
BU00607,Berty,Kedward,11/11/89,AD00211
BU00608,Thea,Priestman,24/11/89,AD00490
BU00609,Orran,Vanetti,29/09/81,AD00610
BU00610,Derwin,Allwell,05/06/99,AD00830
BU00611,Mellisent,Crickett,12/03/63,AD00518
BU00612,Biddie,Wettern,04/09/88,AD00694
BU00613,Johnnie,Sallowaye,18/08/61,AD00846
BU00614,Cam,Amiss,23/08/74,AD00941
BU00615,Tucker,Lembcke,04/01/87,AD00235
BU00616,Tamma,Neubigging,01/05/60,AD00445
BU00617,Venus,Shorthill,22/12/87,AD00085
BU00618,Bernette,Carmen,22/05/85,AD00848
BU00619,Barby,Cheavin,11/03/94,AD00229
BU00620,Eydie,Monelli,11/12/04,AD00539
BU00621,Iain,Embling,09/06/93,AD00226
BU00622,Stevana,Wakelam,28/08/79,AD00402
BU00623,Kristi,Skae,12/07/77,AD00317
BU00624,Iago,McQuirter,31/12/64,AD00935
BU00625,Reine,Yukhov,09/05/79,AD00043
BU00626,Lind,Stickel,02/09/01,AD00725
BU00627,Nathalie,Deevey,16/12/66,AD00320
BU00628,Evania,Zieme,14/07/98,AD00420
BU00629,Coriss,Stoute,02/09/68,AD00599
BU00630,Patten,Pendle,13/11/94,AD00239
BU00631,Winifield,Cody,13/02/86,AD00634
BU00632,Alena,Pinckard,06/06/91,AD00656
BU00633,Beitris,Caruth,25/03/73,AD00586
BU00634,Shirlee,Thorogood,17/07/89,AD00283
BU00635,Emmet,Ridge,01/01/92,AD00679
BU00636,Maryjane,Dupree,27/06/80,AD00313
BU00637,Sofia,Jurasek,02/01/63,AD00172
BU00638,Maitilde,Curteis,25/05/64,AD00816
BU00639,Town,De Carteret,13/03/63,AD00093
BU00640,Cristie,Barkas,22/08/76,AD00788
BU00641,Kort,Huntley,23/11/63,AD00132
BU00642,Melva,Winfindale,20/05/96,AD00068
BU00643,Valdemar,Batchelour,24/03/75,AD00291
BU00644,Hank,Sprakes,21/05/75,AD00934
BU00645,Mirelle,Bateman,08/11/84,AD00790
BU00646,Allx,Caroli,05/08/75,AD00041
BU00647,Gaston,Dukes,16/05/73,AD00116
BU00648,Fredi,Patron,02/01/85,AD00800
BU00649,Yetta,Trenholm,13/01/82,AD00523
BU00650,Gottfried,Grafhom,27/07/00,AD00914
BU00651,Corby,Hapgood,13/12/74,AD00501
BU00652,Ximenez,Winskill,05/10/83,AD00828
BU00653,Tania,Chaters,21/01/74,AD00055
BU00654,Ammamaria,Wilcocke,31/01/73,AD00926
BU00655,Archaimbaud,Macknish,05/06/65,AD00510
BU00656,Lenci,Weightman,06/02/66,AD00867
BU00657,Winnah,Gillison,05/03/85,AD00245
BU00658,Tiffany,Ruslinge,12/01/93,AD00173
BU00659,Tyson,Vouls,16/10/89,AD00487
BU00660,Chrissy,Sokill,12/09/01,AD00959
BU00661,Jedd,Clery,03/08/86,AD00595
BU00662,Patrizius,Joberne,24/04/90,AD00170
BU00663,Udale,Glede,06/07/62,AD00050
BU00664,Irina,Stranaghan,14/06/63,AD00975
BU00665,Rodina,Mobbs,29/08/77,AD00405
BU00666,Chelsey,Sneyd,23/07/75,AD00961
BU00667,Dewitt,Crevagh,19/08/80,AD00417
BU00668,Lauryn,Dyett,05/11/84,AD00136
BU00669,Inessa,Flasby,28/10/71,AD00987
BU00670,Marcelle,Fish,21/04/94,AD00658
BU00671,Lev,Whitewood,02/03/72,AD00943
BU00672,Eustacia,Coxen,12/02/01,AD00549
BU00673,Nicola,Nower,15/12/66,AD00219
BU00674,Linea,Eaves,05/05/03,AD00105
BU00675,Star,McIsaac,30/08/63,AD00720
BU00676,Goldarina,Streat,08/11/62,AD00653
BU00677,Harris,Guillou,04/07/94,AD00802
BU00678,Kirsteni,Gergus,16/07/64,AD00263
BU00679,Conchita,Randle,16/07/80,AD00716
BU00680,Fianna,Presland,27/09/71,AD00838
BU00681,Zacharias,Bruyett,02/05/88,AD00073
BU00682,Timmie,Le Leu,01/03/02,AD00443
BU00683,Saul,Mohamed,19/06/00,AD00015
BU00684,Armstrong,Saterthwait,02/06/90,AD00744
BU00685,Cicily,Vell,29/05/93,AD00845
BU00686,Steffie,McDowall,22/11/90,AD00483
BU00687,Cathee,Fearnside,19/01/73,AD00504
BU00688,Meara,Tims,24/12/93,AD00398
BU00689,Marj,Konke,18/11/72,AD00233
BU00690,Sheilakathryn,Braybrookes,23/03/73,AD00955
BU00691,Fidelia,Luckcock,17/09/76,AD00933
BU00692,Nikoletta,Elmes,12/03/74,AD00437
BU00693,Christoph,Petzold,06/03/69,AD00630
BU00694,Phedra,Quirke,02/12/96,AD00609
BU00695,Lauri,Conaghy,11/08/86,AD00632
BU00696,Redd,Strapp,06/01/01,AD00995
BU00697,Sharla,Wymer,10/05/00,AD00084
BU00698,Odella,Junkin,13/02/80,AD00049
BU00699,Cozmo,Fotherby,25/12/94,AD00352
BU00700,Di,Aslum,24/01/70,AD00224
BU00701,Reggie,Woodworth,07/08/67,AD00330
BU00702,Joan,Tydd,04/07/75,AD00323
BU00703,Cybill,Baythorp,28/07/83,AD00731
BU00704,Stacee,Stileman,02/01/67,AD00066
BU00705,Martin,Blaisdale,16/09/87,AD00327
BU00706,Addi,Dysart,07/01/67,AD00505
BU00707,Isobel,Cassidy,02/06/60,AD00537
BU00708,Faye,Houseago,23/03/80,AD00868
BU00709,Virginie,Lago,10/09/96,AD00016
BU00710,Sheela,Grose,09/02/01,AD00732
BU00711,Chandal,Matresse,14/09/03,AD00125
BU00712,Camala,Hallor,11/11/71,AD00003
BU00713,Veda,Dishman,05/12/86,AD00624
BU00714,Ryann,Ribeiro,15/10/87,AD00314
BU00715,Dolly,Surgeon,13/08/65,AD00365
BU00716,Mead,Langford,01/03/84,AD00123
BU00717,Harley,Pile,19/06/88,AD00187
BU00718,Kizzie,Blaszkiewicz,21/10/03,AD00234
BU00719,Lynnelle,Baffin,19/05/94,AD00840
BU00720,Hoebart,Raiman,10/05/72,AD00294
BU00721,Eada,Sparkwill,25/01/67,AD00175
BU00722,Charmine,Handlin,20/07/62,AD00578
BU00723,Edd,Statham,15/10/89,AD00780
BU00724,Brena,Ruhben,16/07/75,AD00287
BU00725,Elsa,McCrea,29/06/93,AD00533
BU00726,Electra,Pasmore,05/11/94,AD00886
BU00727,Thia,Esterbrook,29/09/98,AD00111
BU00728,Audi,McEllen,04/07/03,AD00710
BU00729,Rosetta,Ughi,08/12/65,AD00148
BU00730,Meade,Acreman,27/10/01,AD00470
BU00731,Catriona,Devonald,11/09/00,AD00641
BU00732,Hilton,Baxstair,05/01/98,AD00685
BU00733,Bebe,Watchorn,07/12/67,AD00202
BU00734,Alverta,Bartoszewicz,28/11/04,AD00965
BU00735,Rodd,Langland,09/04/99,AD00602
BU00736,Jehu,Showers,10/08/74,AD00572
BU00737,Leslie,Spatarul,03/06/99,AD00793
BU00738,Laraine,Tolliday,27/02/96,AD00735
BU00739,Bobbie,Cristofol,04/01/69,AD00728
BU00740,Imelda,Kitcherside,22/09/60,AD00479
BU00741,Catlin,Dymocke,04/05/01,AD00568
BU00742,Ethyl,Erett,13/11/69,AD00763
BU00743,Melodee,Londors,18/12/66,AD00807
BU00744,Madel,Campo,11/04/64,AD00953
BU00745,Dyanne,Oldland,03/03/01,AD00383
BU00746,Corney,Salter,09/10/77,AD00672
BU00747,Jon,Pacey,10/11/77,AD00302
BU00748,Darcee,Varfolomeev,14/10/70,AD00913
BU00749,Saunder,Ochterlonie,18/02/87,AD00709
BU00750,Klarika,Danis,22/04/93,AD00776
BU00751,Brant,Plumridge,09/06/67,AD00647
BU00752,Brandice,Lippett,05/12/01,AD00854
BU00753,Darrelle,Blood,05/07/83,AD00385
BU00754,Leda,Brend,31/08/60,AD00968
BU00755,Elisabet,Parsley,13/12/93,AD00553
BU00756,Renaud,Defty,28/01/81,AD00197
BU00757,Carly,Till,19/03/89,AD00847
BU00758,Neall,Chapple,30/03/01,AD00608
BU00759,Noelyn,Fawlks,07/04/82,AD00783
BU00760,Odilia,Risebarer,27/04/66,AD00927
BU00761,Alasteir,Speirs,03/05/93,AD00771
BU00762,Inez,Allonby,04/08/78,AD00751
BU00763,Redford,Sakins,07/09/67,AD00343
BU00764,Jackelyn,Guntrip,04/02/85,AD00597
BU00765,Binni,Musgrove,14/09/92,AD00931
BU00766,Blaire,Thurley,01/10/89,AD00120
BU00767,Rora,McGeoch,22/10/02,AD00342
BU00768,Annalise,Klugel,30/09/86,AD00153
BU00769,Cathrin,Puleque,08/08/70,AD00590
BU00770,Liza,Cottesford,07/06/78,AD00990
BU00771,Walsh,Valder,17/01/04,AD00289
BU00772,Rorie,Eastope,15/03/79,AD00671
BU00773,Erma,Aucutt,26/09/63,AD00826
BU00774,Jess,Hadye,20/04/86,AD00544
BU00775,Lucita,Hillatt,15/07/61,AD00850
BU00776,Evey,Squire,01/09/64,AD00817
BU00777,Roarke,Bridgwater,17/09/83,AD00204
BU00778,Giralda,McGloin,20/12/02,AD00368
BU00779,Hazlett,Ahrendsen,01/04/02,AD00441
BU00780,Laney,Chieco,19/04/65,AD00459
BU00781,Brucie,Krauze,03/07/85,AD00296
BU00782,Liv,Handrock,02/04/84,AD00279
BU00783,Welby,Skirlin,03/01/90,AD00967
BU00784,Rica,Want,20/01/85,AD00579
BU00785,Teddie,Pordal,16/06/04,AD00686
BU00786,Norbie,Mack,09/05/93,AD00285
BU00787,Pryce,Chalfont,16/04/85,AD00210
BU00788,Taylor,Mattityahou,16/05/77,AD00427
BU00789,Zebulon,Cowins,18/09/71,AD00874
BU00790,Herrick,Szymanowski,19/02/96,AD00027
BU00791,Brent,Jullian,16/05/69,AD00024
BU00792,Ferne,Prophet,24/06/80,AD00036
BU00793,Gerri,Menhenitt,14/09/01,AD00415
BU00794,Blancha,Calbreath,29/09/76,AD00985
BU00795,Maury,Geldard,05/02/93,AD00713
BU00796,Genevra,Lyles,08/04/72,AD00297
BU00797,Grenville,Addington,12/06/93,AD00278
BU00798,Skye,Comettoi,04/08/82,AD00067
BU00799,Lindi,Belding,31/05/60,AD00929
BU00800,Langston,Slora,14/08/86,AD00535
BU00801,Biddie,Coffin,12/08/00,AD00209
BU00802,Audi,Santi,25/01/64,AD00397
BU00803,Welby,O'Brian,09/04/69,AD00251
BU00804,Clementine,Voller,02/12/89,AD00090
BU00805,Gamaliel,Bugden,04/06/71,AD00439
BU00806,Lanita,Weber,22/10/91,AD00723
BU00807,Orion,Shayes,17/01/67,AD00256
BU00808,Herman,Simester,27/08/65,AD00755
BU00809,Moina,Boughton,12/11/93,AD00565
BU00810,Trula,Zupa,01/03/65,AD00598
BU00811,Rosalynd,Decayette,11/12/82,AD00872
BU00812,Dacy,Fenech,16/03/81,AD00254
BU00813,Katuscha,McArtan,20/04/76,AD00447
BU00814,Savina,Edmenson,30/01/72,AD00862
BU00815,Giordano,Redpath,08/10/98,AD00626
BU00816,Angy,Kacheler,07/03/75,AD00338
BU00817,Cordie,Callear,20/09/70,AD00310
BU00818,Andres,Braunlein,03/10/75,AD00956
BU00819,Archaimbaud,Blease,22/11/88,AD00139
BU00820,Calley,Lathwell,01/11/70,AD00435
BU00821,Lou,Blader,17/11/02,AD00834
BU00822,Felice,Siss,20/06/63,AD00491
BU00823,Verina,Radbourne,01/05/61,AD00532
BU00824,Leonerd,Crumbie,16/07/76,AD00981
BU00825,Angeli,Cleverley,08/04/01,AD00873
BU00826,Hiram,Ryce,15/12/98,AD00525
BU00827,Marcel,Showl,28/08/98,AD00772
BU00828,Elfreda,Cowthart,12/12/80,AD00357
BU00829,Patric,Gallacher,20/05/84,AD00853
BU00830,Emyle,Bysaker,03/04/90,AD00164
BU00831,Storm,Klulik,19/08/78,AD00042
BU00832,Rudolfo,Gonnet,25/10/70,AD00276
BU00833,Beret,Ackenson,11/11/01,AD00789
BU00834,Audrye,Whight,09/09/85,AD00030
BU00835,Mercie,Dermot,19/04/65,AD00583
BU00836,Janeva,Cliffe,02/09/91,AD00950
BU00837,Karolina,Avrasin,04/06/63,AD00086
BU00838,Jerome,Buesnel,06/12/78,AD00284
BU00839,Berte,Maypole,19/12/70,AD00664
BU00840,Jessalyn,McTrustie,23/09/80,AD00559
BU00841,Sileas,Belison,22/07/97,AD00575
BU00842,Reinold,Teall,23/09/89,AD00282
BU00843,Marjy,Di Biasio,11/07/74,AD00446
BU00844,Christa,Tofanini,03/07/99,AD00144
BU00845,Simona,McDiarmid,22/07/87,AD00903
BU00846,Britney,Jersch,10/12/95,AD00207
BU00847,Hobie,Berzons,17/08/71,AD00163
BU00848,Reinhard,Denham,08/01/75,AD00390
BU00849,Maris,Danshin,09/02/72,AD00004
BU00850,Karil,Czaja,15/04/61,AD00248
BU00851,Cleve,Francis,17/12/85,AD00822
BU00852,Charis,Sarton,05/08/73,AD00616
BU00853,Falkner,Reeders,21/05/66,AD00908
BU00854,Silvester,Cayford,02/01/80,AD00700
BU00855,Ruggiero,Wainer,20/07/92,AD00257
BU00856,Linus,Brazil,30/05/96,AD00348
BU00857,Thibaut,Stockley,13/09/84,AD00769
BU00858,Ramon,Boddymead,10/04/92,AD00831
BU00859,Pammi,Crutchfield,20/10/97,AD00662
BU00860,Brnaba,Peele,09/02/79,AD00492
BU00861,Redd,Biesterfeld,16/01/61,AD00907
BU00862,Joel,Braundt,19/11/61,AD00410
BU00863,Itch,Florez,09/10/90,AD00151
BU00864,Dalton,Drever,10/09/64,AD00717
BU00865,Trixi,Pengelley,27/05/95,AD00474
BU00866,Prentice,Brothwell,17/08/03,AD00750
BU00867,Eugen,Skeels,06/03/02,AD00629
BU00868,Trstram,Waddington,07/01/85,AD00486
BU00869,Hartley,Hassey,13/05/87,AD01000
BU00870,Rebeca,Sibborn,31/07/79,AD00893
BU00871,Orlando,McLauchlin,01/12/65,AD00736
BU00872,Parsifal,Scoggan,06/09/78,AD00558
BU00873,Jermaine,Hanbidge,02/10/89,AD00362
BU00874,Sybila,Maginot,27/05/74,AD00512
BU00875,Lilly,Toffaloni,24/06/87,AD00540
BU00876,Darrin,Kinsella,22/01/98,AD00429
BU00877,Leonardo,Craydon,20/12/98,AD00869
BU00878,Bernarr,Roches,17/06/03,AD00138
BU00879,Dania,Drieu,16/09/76,AD00570
BU00880,Donnajean,McKay,01/12/87,AD00304
BU00881,Chrissie,Kelshaw,05/12/69,AD00677
BU00882,Nicolas,Burril,27/07/84,AD00096
BU00883,Allie,Mowsdill,30/08/71,AD00909
BU00884,Ulrich,Teideman,07/06/03,AD00162
BU00885,Erie,Antley,02/04/03,AD00876
BU00886,Abbi,Lambird,11/04/63,AD00083
BU00887,Horacio,Minihane,16/12/98,AD00064
BU00888,Derick,Aickin,15/11/98,AD00374
BU00889,Washington,Durgan,14/04/79,AD00293
BU00890,Spencer,Walbrook,16/01/68,AD00384
BU00891,Mitchael,Dowglass,19/03/73,AD00940
BU00892,Sonia,Flaverty,07/02/94,AD00799
BU00893,Iseabal,Corfield,08/06/85,AD00356
BU00894,Anitra,Cohalan,30/11/71,AD00273
BU00895,Chaunce,Chazelas,15/08/77,AD00767
BU00896,Romola,Woodyatt,18/09/93,AD00753
BU00897,Rebekkah,Hurnell,28/04/02,AD00157
BU00898,Gusta,Ciementini,05/01/72,AD00966
BU00899,Richard,Huff,04/07/98,AD00496
BU00900,Galvin,Luckcuck,03/10/82,AD00894
BU00901,Ari,Tull,26/05/00,AD00973
BU00902,Billy,Abramowsky,11/02/95,AD00391
BU00903,Brandtr,Daniely,29/12/64,AD00260
BU00904,Karlens,Solan,03/05/74,AD00110
BU00905,Issiah,Clemenza,26/04/61,AD00901
BU00906,Ariel,Wainer,16/02/85,AD00161
BU00907,Carley,Von Welden,27/12/70,AD00431
BU00908,Ross,McCuaig,02/01/65,AD00835
BU00909,Tatiana,Chable,13/12/86,AD00438
BU00910,Jeni,Britnell,10/08/64,AD00765
BU00911,Morten,Santore,16/03/62,AD00347
BU00912,Cecil,Core,26/02/88,AD00530
BU00913,Marleen,Domino,24/05/64,AD00681
BU00914,Bobbee,Comettoi,27/06/95,AD00978
BU00915,Tim,McAvin,19/08/86,AD00528
BU00916,Madlen,Biggs,13/05/85,AD00650
BU00917,Gibbie,Dallicoat,07/10/83,AD00375
BU00918,Lukas,Cariss,10/11/80,AD00796
BU00919,Jackson,Barehead,18/08/99,AD00801
BU00920,Flem,Lias,01/12/78,AD00450
BU00921,Norma,Peplaw,16/12/75,AD00006
BU00922,Brittney,Oldacre,16/09/98,AD00562
BU00923,Gwen,Pardy,26/03/65,AD00179
BU00924,Richy,Caudray,28/03/95,AD00062
BU00925,Olivie,Murrell,13/03/98,AD00889
BU00926,Brian,Janek,03/08/60,AD00181
BU00927,Lavinia,Brewin,01/06/83,AD00305
BU00928,Boothe,Drummond,19/06/68,AD00044
BU00929,Boniface,Lugton,23/01/77,AD00513
BU00930,Arnoldo,Hollidge,21/05/66,AD00393
BU00931,Tommy,Currer,08/12/60,AD00739
BU00932,Rand,Padkin,18/06/76,AD00389
BU00933,Wilburt,Guyonnet,03/10/68,AD00311
BU00934,Wilhelm,Shoutt,06/05/95,AD00034
BU00935,Ernest,Rayhill,01/09/93,AD00258
BU00936,Read,Mattam,27/02/01,AD00060
BU00937,Patrick,Bows,17/01/95,AD00587
BU00938,Xever,Slark,19/04/78,AD00134
BU00939,Carling,Sier,06/05/60,AD00824
BU00940,Ricky,Shelly,07/09/78,AD00425
BU00941,Morgen,Howland,11/09/85,AD00117
BU00942,Alden,Mutter,01/06/62,AD00745
BU00943,Joelynn,Trudgion,23/05/85,AD00594
BU00944,Melina,Toomey,24/12/76,AD00480
BU00945,Cyrus,Norrie,23/07/79,AD00812
BU00946,Happy,Luipold,12/11/77,AD00667
BU00947,Xavier,Spurnier,29/04/96,AD00059
BU00948,Leonard,Pettifor,20/03/03,AD00596
BU00949,Taite,Pitcaithly,23/08/79,AD00804
BU00950,Sargent,Matisse,04/12/67,AD00972
BU00951,Fred,Bosley,24/12/75,AD00308
BU00952,Alphard,Spellar,26/04/81,AD00270
BU00953,Adorne,Maseres,19/07/02,AD00272
BU00954,Sally,Bushby,19/09/04,AD00600
BU00955,Wilfred,Teodoro,20/03/85,AD00460
BU00956,Reuben,Stanion,16/12/68,AD00746
BU00957,Fax,Jacklings,01/02/99,AD00794
BU00958,Nyssa,Caris,08/11/91,AD00706
BU00959,Had,Spawforth,14/11/93,AD00023
BU00960,Jarad,Jantel,17/08/02,AD00054
BU00961,Tarah,Beak,22/07/71,AD00457
BU00962,Ossie,Garnham,02/05/02,AD00331
BU00963,Karrah,Pachta,09/06/92,AD00989
BU00964,Brod,Greenlies,03/03/89,AD00638
BU00965,Callean,Guerriero,16/05/70,AD00970
BU00966,Gabbey,Pettet,08/07/95,AD00870
BU00967,Jenelle,Nieass,11/06/75,AD00168
BU00968,Valerie,Ashe,10/02/81,AD00612
BU00969,Taddeo,Minty,22/09/61,AD00785
BU00970,Ninnette,Bartkiewicz,02/04/79,AD00994
BU00971,Wilmer,MacKessock,27/12/74,AD00571
BU00972,Horatius,Bolles,30/03/61,AD00726
BU00973,Zachary,Poulter,08/05/75,AD00613
BU00974,Hewett,Mealham,29/06/61,AD00250
BU00975,Brigida,Thomelin,06/09/68,AD00842
BU00976,Osmund,Kestell,08/12/70,AD00521
BU00977,Swen,Tschursch,03/05/81,AD00355
BU00978,Fernando,Brookfield,11/03/62,AD00143
BU00979,Becka,Streeton,05/10/04,AD00058
BU00980,Meg,Brahms,24/01/84,AD00401
BU00981,Meara,Renackowna,14/10/99,AD00661
BU00982,Solly,Branche,07/03/99,AD00529
BU00983,Lock,Soltan,21/09/73,AD00452
BU00984,Debera,Sexti,21/05/80,AD00759
BU00985,Moise,Proudlock,16/10/67,AD00580
BU00986,Jennifer,Skeates,24/10/62,AD00606
BU00987,Gertrudis,Keough,13/08/61,AD00515
BU00988,Loren,Bendel,15/07/93,AD00531
BU00989,Davy,Greggersen,06/04/74,AD00657
BU00990,Bree,Ragdale,29/07/72,AD00729
BU00991,Hendrik,Yakushkev,19/11/94,AD00217
BU00992,Stu,Prozillo,22/02/83,AD00351
BU00993,Melisse,Cheers,07/02/68,AD00414
BU00994,Ellene,Watsam,04/01/02,AD00087
BU00995,Brewster,Stallen,04/07/00,AD00760
BU00996,Willy,Stove,09/01/64,AD00146
BU00997,Conrado,Mowbury,12/06/98,AD00547
BU00998,Olive,Heaney,01/09/96,AD00666
BU00999,Cherilyn,Nann,14/04/98,AD00361
BU01000,Brietta,McIlvaney,26/06/79,AD00021