buyer_id,first_name,last_name,date_of_birth
536-jqo-923,Trish,Fedder,6/28/1974
656-jkj-757,Sula,Yurukhin,3/18/1971
641-mvk-210,Horton,Ferrario,5/3/1988
475-tfx-903,Felic,Franceschielli,1/5/1964
623-fej-602,Curry,Weild,4/23/2000
988-dwt-385,Bernadene,Axston,2/8/1986
410-nag-151,Jasen,Archard,8/1/1974
146-dmw-632,Reta,Faithfull,5/17/1961
294-feh-939,Cointon,Ayrs,7/27/1976
680-xbm-659,Gale,McIlwrick,9/13/2004
169-naw-636,Gunar,Mathers,7/8/1963
497-qvn-221,Logan,Wardle,2/16/1997
669-nku-295,Vivyan,Annear,9/9/1963
754-iym-464,Annmaria,Kearley,10/7/1990
394-pfu-428,Rubia,Frawley,10/19/1969
756-vyt-656,Meryl,Litchfield,9/13/1964
934-gst-104,Karleen,Sussems,5/7/1975
092-jbc-836,Lenore,Brownell,9/20/1987
951-uly-968,Douglas,Gobat,1/1/1977
222-bko-291,Danny,Lownes,2/7/1974
222-dux-982,Codi,Almack,7/1/1962
403-xmb-419,Judye,Iacobacci,9/4/1988
273-cdq-692,Berry,Conklin,12/12/1986
196-gtl-086,Loy,Cosgrive,3/24/1990
702-ewr-508,Amelie,Baden,4/29/1982
665-cdh-747,Rafe,Matys,4/13/1970
453-xjs-738,Gael,O'Keevan,4/25/2001
001-bsf-570,Zedekiah,Murt,11/28/1962
192-crw-195,Cortney,Cejka,4/19/1967
826-tet-615,Giavani,Dulen,4/17/1988
458-fgr-503,Marvin,Tuckerman,10/11/1992
245-eii-328,Thom,Croux,10/9/1961
462-rnv-262,Tanhya,Mosedall,6/5/1961
554-tyn-951,Petronella,Edsall,11/6/2001
746-kus-076,Phillis,Tatershall,4/4/1963
758-iya-679,Marius,Mancell,4/16/1975
659-dmm-088,Seymour,Mabb,4/16/1963
400-myt-308,Linette,Shorbrook,4/5/2003
274-htx-108,Rena,Woodhead,3/29/1997
045-laa-833,Raymund,Houston,11/27/1985
200-rso-077,Catrina,Hawkridge,8/23/1994
304-mpd-483,Cherry,Stockney,5/24/2001
539-ham-677,Raimund,Hammerich,7/20/1993
323-koo-293,Christoph,Penwright,7/1/2003
673-wlz-920,Merlina,Behrendsen,6/24/1985
970-nbz-408,Gaylene,Jaksic,4/6/1977
095-ahk-486,Grissel,Iannuzzi,9/16/1969
750-lsp-704,Katti,Newbold,9/20/2004
897-oad-172,Harland,Hassekl,12/22/1966
792-ynk-934,Desi,Quinion,10/9/1960
855-hny-991,Gaylor,Handford,11/19/2002
018-xos-322,Caterina,Gosalvez,12/13/1967
777-qly-115,Dewain,Stener,4/30/1981
390-dmy-130,Jaclyn,Northleigh,12/9/1971
938-tbi-662,Jocelyn,Ayliffe,2/4/1966
311-htv-435,Debbie,Stanyland,4/2/1960
102-buw-794,Peria,Gilloran,9/22/2002
440-osp-593,Madonna,Scuse,8/25/1980
344-njo-227,Floyd,Heberden,2/2/1991
965-jtu-415,Thom,Nadin,2/9/1978
213-fbe-109,Ario,Stockhill,9/6/1989
855-tov-172,Quill,Reuter,7/28/2003
676-phk-803,Cletis,Casley,6/30/1961
594-cth-197,Dorisa,Pulver,4/19/2003
241-mil-766,Vivi,Frostdick,4/16/1984
549-kwn-410,Angelique,Capell,1/4/1997
830-prw-869,Simone,Youngs,3/28/1974
444-oai-812,Dierdre,Reese,11/6/1995
826-wbr-621,Murielle,McGuggy,3/3/1978
812-zbo-407,Ammamaria,Kropach,3/17/2002
637-lro-169,Catharine,Jeavon,5/16/1985
939-cqg-078,Darci,Jelf,3/25/1964
961-rgn-211,Evie,Oldrey,7/24/1993
759-toc-254,Jourdan,Bassford,6/17/1971
994-zso-376,Glynnis,Liddyard,8/15/1969
821-cad-812,Shelba,Wofenden,1/31/1987
014-gtt-537,Bren,Mullis,2/3/1995
248-slp-652,Hyacinthia,Beales,12/29/1964
530-gad-618,Boot,Poel,6/17/1960
632-piy-804,Bartholomew,Forsdike,6/1/1994
178-ccf-972,Gustie,Paslow,1/18/1961
714-ljt-675,Stacey,Salliss,8/5/1992
549-xwj-933,Valenka,Hurring,10/2/1983
244-jmq-446,Caralie,Whitchurch,6/12/1970
350-plv-980,Forster,Murkin,3/26/1977
629-sbg-660,Avram,Peverell,6/9/1991
527-ecv-194,Ester,Zimmerman,11/7/1961
329-zgr-314,Javier,Lindblad,3/3/1981
793-czu-247,Haley,Midson,6/2/1966
919-rpu-002,Alexandre,Hillan,1/11/1978
907-isu-285,Edgardo,Renals,6/10/1986
899-zgt-948,Alexander,Francais,8/2/1975
466-unw-042,Hyman,Coulbeck,10/6/1976
602-vwa-335,Renault,Bloxsom,1/9/1993
012-tpg-872,Blane,Fowley,7/12/1974
838-bmd-846,Charil,Kall,11/4/1976
694-dhz-252,Patsy,Gainsborough,9/4/1962
492-ynv-321,Elizabet,McConville,2/1/1992
946-kxs-903,Elbertina,Sollowaye,3/29/1984
101-rvh-169,Evania,Rozycki,11/14/1967
659-pgp-064,Cathe,MacKey,4/1/1962
010-mfx-064,Halette,Durward,11/12/1971
202-akd-550,Antonius,Buret,6/7/1967
407-odl-669,Trip,Smurthwaite,6/1/1999
562-wxn-740,Bastien,Woolliams,1/10/1973
656-zgl-052,Francesca,Tooker,2/16/1975
329-wsv-867,Aylmer,Dennehy,5/3/1970
306-cmw-151,Thatcher,Mehmet,6/15/1989
642-yov-937,Marve,Sabate,11/3/1976
882-rhn-087,Donica,Reyna,4/7/1981
245-nep-993,Glynis,Lampe,2/29/1972
821-coq-254,Freddie,Brazear,7/4/1990
775-qrg-382,Leelah,Gowdy,1/3/1989
027-uxw-838,Arliene,Wortt,7/3/1986
889-otk-200,Lauri,Canadine,4/17/1978
754-kos-521,Mord,Cristol,10/15/1990
055-roj-090,Florentia,Ikins,10/26/1990
224-ppp-678,Carlen,Crouse,6/7/2000
062-dkr-022,Adan,Lettley,4/23/1995
810-vdm-907,Joya,Case,7/14/1974
090-hgy-675,Susi,Lebarree,4/20/1992
117-orj-977,Cully,Stowers,1/28/1985
726-pzp-200,Harvey,Cookes,10/25/2001
747-bso-401,Devondra,Gwillim,8/25/1989
483-txg-112,Arny,Sawtell,9/7/1970
260-epd-144,Darin,Spiring,10/23/1972
248-auq-194,Horten,Nagle,4/7/1984
436-dmq-272,Giovanna,Larcombe,8/13/1988
715-gts-499,Dickie,Larmouth,7/13/1992
334-jiu-513,Allie,Dunston,12/10/1966
297-mpg-627,Kirsteni,Chat,12/28/1986
124-com-120,Holly-anne,Fackney,3/4/1994
341-yeb-836,Cleve,Lowndes,9/3/1983
420-gse-915,Nolana,Searles,10/17/2001
076-ppm-303,Lilias,Spinetti,4/15/1986
239-mtx-838,Gay,Heaven,3/13/1962
952-bzt-670,Shayne,Fowlestone,8/14/1962
294-dto-417,Hubey,MacLucais,8/1/2002
262-xma-373,Chalmers,Matushevitz,9/23/1985
846-wit-381,Mignonne,Fuge,8/28/1991
651-vnc-651,Nina,Schole,8/19/1990
012-hhm-023,Zacharia,Blackaller,1/13/1980
832-ltl-588,Noreen,Norway,12/31/1980
585-ycg-025,Mortimer,Titterrell,3/11/1971
432-zzv-811,Isaak,Dyke,10/17/1985
474-wzd-328,Alma,Schaben,5/2/1992
052-ltg-979,Annissa,MacGhee,3/27/1979
054-cbh-967,Lindsay,MacLaverty,12/30/1974
444-usu-465,Zach,Kynastone,6/20/1962
182-vmq-264,Kathleen,Roundtree,10/16/1982
559-sqf-942,Richmond,Carrier,2/13/1982
181-peg-326,Lil,Feaveryear,3/20/1979
026-ykr-277,Cyrus,Bygrove,1/31/1964
810-zos-154,Keelia,Dymoke,10/18/1996
108-nvi-144,Bronnie,Joannet,11/20/1982
160-ckl-017,Lina,McGeady,1/27/1977
145-zfs-373,Trevor,Litster,6/19/1982
824-ipo-808,Babbie,Beckwith,9/26/1989
523-fcb-747,Joycelin,Terrey,9/30/1965
865-uwo-513,Bevvy,Bickley,2/4/1975
970-yqv-234,Letizia,Blumfield,5/3/1964
946-svo-662,Zonda,Maillard,4/5/1996
779-ias-429,Pasquale,Fruchter,1/19/1985
290-fkq-369,Bridget,Wanek,11/20/1964
271-buy-310,Gardner,Lockett,4/17/1971
864-des-370,Mirna,Monday,4/5/1963
880-cpi-320,Aubert,Service,3/25/1966
630-jrt-567,Laure,Bratch,4/14/1975
754-jph-963,Clemmie,Kennham,8/15/1969
879-wea-530,Jillie,Woodrough,8/20/1961
880-pgc-571,Livvie,Wonfor,1/13/1987
072-fbk-814,Bernhard,Bickell,5/1/1979
401-cox-166,Ryley,Gadesby,8/21/1969
162-rki-718,Sherry,Delue,4/27/1963
016-tmg-680,Federica,Awmack,9/4/1981
323-dgj-206,Emera,Gorey,3/14/1982
079-aye-633,Keen,Klagge,4/6/2004
664-eer-148,Marline,Olenichev,2/11/1992
927-tlh-096,Lizzie,Casserly,3/28/1974
824-odp-262,Fergus,Bromige,7/15/1982
543-udw-445,Blake,Malbon,5/19/1980
031-dab-919,Hillier,Skeel,7/11/1990
556-ozr-981,Haroun,Boatright,7/16/1997
526-pqo-625,Dionisio,McLenahan,2/28/1967
706-obj-705,Evvie,Torrie,11/23/1970
928-bkr-123,Papagena,Schober,2/18/1978
335-lxl-013,Floyd,Tinghill,6/1/1977
127-jix-339,Susana,Artus,9/24/1968
585-isu-229,Avrit,Milier,8/18/1992
461-roh-573,Celestina,Withinshaw,9/7/1978
004-tyk-390,Selena,Fullegar,4/18/1996
404-zjy-773,Wayland,Ballantine,1/12/1978
268-iuf-711,Anny,Arnaez,4/21/1999
873-och-710,Charlot,Arlidge,8/21/1989
859-tjy-160,Patsy,Palser,11/21/1964
205-kie-814,Adrien,MacDermand,7/22/1969
211-jel-817,Flory,Smye,11/2/1966
051-nxp-626,Brooks,Dargie,11/2/1992
338-jay-235,Melonie,Kivelhan,9/14/1993
301-pxg-763,Odille,Coupland,6/5/1994
694-mzp-912,Orly,Bigley,6/5/1971
969-cct-637,Binny,Heighton,3/4/1993
497-lmd-079,Shell,Worster,10/21/1990
957-bko-911,Bonita,Badby,10/23/1995
483-pwi-223,Winnifred,Mawson,10/26/1984
608-uhh-254,Margeaux,Valiant,5/16/2004
968-lxv-791,Bridget,Klemenz,4/22/1978
585-tjg-753,Sonnnie,Bazeley,1/6/1981
270-bzl-855,Odelle,Chessum,11/20/1975
397-mgg-887,Kippy,Jasiak,10/11/1999
433-jpz-338,Christin,Rupprecht,4/4/1987
548-hch-153,Leandra,Sigfrid,12/16/1995
721-iow-862,Brande,Bedder,1/18/2002
331-jqr-586,Carlee,Jozwicki,3/12/1993
532-gwz-749,Stephanie,Punyer,5/13/1981
073-ozj-171,Marquita,Scrane,5/30/1967
421-rgz-993,Colleen,Conaghy,10/19/1990
402-whs-546,Angelica,Lamp,11/17/1993
148-lpa-139,Gustav,Arndell,8/1/1966
235-eeg-486,Tammi,Banaszewski,3/13/1962
639-fnn-216,Wyatt,Rudland,3/3/1993
455-gbo-130,Ealasaid,Jovasevic,7/9/1973
108-gie-145,Van,Meharry,2/5/1971
764-ofi-134,Alfie,Docksey,1/21/1992
771-kjt-307,Francis,McCourtie,6/22/1968
307-ixt-549,Joleen,Gonoude,9/5/2004
332-wlz-148,Ruddy,Willcott,12/2/1983
096-znz-319,Marie,Ferriday,11/6/1965
843-tcn-891,Gayelord,Ragles,5/2/1993
342-hzt-075,Lauralee,Gent,7/23/1979
593-xpc-178,Ade,Leddy,2/28/1965
702-dzm-936,Giuditta,Praill,12/21/1972
370-cae-021,Dorisa,Gebby,5/19/1960
064-qxc-580,Davidson,Fishley,3/30/1986
866-cnp-494,Jacynth,Gulleford,7/9/1997
055-fpa-619,Haze,Faragher,11/21/1974
357-wwg-029,Vera,Arents,9/6/1984
383-ojs-284,Edy,Lochet,6/2/1991
764-dwa-952,Ravid,Cavalier,7/2/2004
420-zoj-365,Vina,Twiggins,3/1/1965
581-dbz-782,Dedra,MacTrusty,2/2/1980
819-tjr-560,Jeffry,Rizon,6/5/1964
265-btz-094,Weylin,Pickover,4/30/1981
384-uxh-880,Titos,Belverstone,1/4/1973
851-wuj-333,Robena,Eckley,11/6/2002
311-dsl-289,Leland,Cammock,11/25/1973
565-vcq-595,Stanly,Bretelle,6/29/1999
619-jwc-128,Oona,Ackrill,12/16/1997
567-slg-590,Madelaine,Dmtrovic,8/30/1976
211-euf-662,Micky,Petkens,10/12/2003
863-rjr-666,Abbi,Riseborough,7/3/1973
788-lnr-702,Missy,Fleckno,9/8/1989
538-cwc-976,Jillian,Gallop,10/7/1986
804-gao-008,Stavros,Pickrell,8/29/2003
268-ueb-021,Care,Diack,9/3/1978
304-yhy-651,Walden,Crebbin,1/23/1967
650-eow-071,Tremain,Fortoun,2/9/1972
303-yje-610,Janeva,Dick,10/6/1985
945-tsc-778,Randi,Staniforth,5/22/1967
357-okt-356,Any,Groger,4/6/2002
586-fsz-845,Lucina,Heigho,8/12/1970
590-vor-127,Margaretta,Hairesnape,7/22/1975
618-rcx-082,Benedikt,Nickoll,3/11/1960
703-zwi-432,Davina,Laible,10/13/1977
685-mlw-245,Maje,Rorke,12/17/1972
471-myj-912,Perl,Gambell,9/15/1965
275-nak-175,Aridatha,Toulch,9/4/1972
199-dew-866,Trudie,Matfin,5/12/1998
425-wua-154,Andy,Pedrol,4/9/2004
620-hiu-064,Christoforo,Iron,2/6/1979
883-uvb-718,Linnea,Sly,6/27/1962
219-nxd-601,Svend,Illes,11/2/1967
330-fiu-748,Aluino,Percival,1/28/1965
070-eww-040,Constantina,Playle,5/5/1998
926-ors-663,Uriah,Karby,9/6/1974
974-wkw-987,Jeanne,Sillwood,1/23/1965
202-mqz-716,Nertie,Dunsford,4/8/1974
112-oih-845,Fitzgerald,MacNally,5/31/1982
813-qzb-319,Dannie,Presslee,10/22/1998
856-puj-658,Gray,Bulfield,5/9/1974
973-azo-505,Carson,Pendlebury,10/30/1965
182-agk-091,Kirsti,Lobley,8/15/1993
346-ijh-478,Janella,Miskin,2/27/1984
095-kpn-408,Spense,Gummary,5/19/2002
483-eam-016,Chelsey,Koeppke,7/12/1993
927-skp-353,Caesar,Tilne,3/3/1982
409-vyb-116,Elliot,Wildsmith,8/17/1999
177-bkn-980,Phineas,Mallabone,2/22/1984
857-qyl-232,Tildie,Ferreras,9/16/1993
381-eti-842,Felicle,Bending,5/7/1961
476-ugr-623,Eadmund,Bott,9/29/1994
123-bbk-652,Salomo,Emanuel,10/27/1997
413-ugw-802,Karoly,Leban,12/27/1997
013-ofk-981,Corie,Birkin,7/8/1991
453-rxw-362,Bartlet,Henstridge,7/30/1983
691-epq-244,Florentia,Tupie,12/5/2003
856-jrk-333,Kerr,Tyler,5/21/1972
796-kax-323,Dilly,Penreth,12/7/1993
743-irc-722,Boone,Llywarch,12/25/1995
684-ooh-144,Molli,Eunson,6/26/1997
678-vzl-808,Reinwald,Berrane,6/19/2000
734-tpe-287,Farrand,Collet,2/6/1984
294-hru-995,Conny,Lafranconi,3/8/1979
847-med-189,Leena,Penhallurick,11/15/1988
180-uad-326,Garnette,McSparran,3/27/1964
188-gfa-931,Riva,Abazi,12/27/2003
351-wyr-792,Jamey,Neilands,8/18/2002
653-nrs-948,Wilmar,Balk,6/8/1989
727-hpw-387,Terri-jo,Lyttle,6/10/2003
218-vok-855,Jocelyne,Turneux,10/3/1979
358-tzb-936,Nicolea,Carlesi,11/21/1963
836-zvl-949,Kathrine,Sincock,3/2/1983
852-qub-728,Misty,Pestor,7/17/1991
788-myv-499,Amos,Caser,11/20/1991
167-dea-386,Gwendolyn,Squires,2/27/1969
787-avq-862,Cherianne,Denver,3/21/1986
797-vpi-341,Rex,Crisall,4/2/1969
322-tjq-891,Livvyy,Ladyman,2/4/1995
736-wvk-487,Kali,Mifflin,11/7/1997
534-wtt-637,Harrie,Surby,7/6/1997
405-euv-817,Cynthie,Essame,8/31/1999
725-kqr-708,Mick,Ryburn,5/18/1994
028-vgb-883,Lance,Chadwen,11/13/1999
066-xie-506,Marne,Savery,11/7/1981
603-jcq-456,Mirabel,Dienes,12/10/1971
975-cfl-380,Merci,Forsaith,11/10/1960
072-uww-019,Eustace,Falloon,4/11/2000
806-hnt-457,Maynord,Schroeder,1/23/1981
670-ept-882,Darnall,Rout,3/3/1972
910-eqi-758,Thomas,Shory,2/17/2005
446-taf-342,Sylas,McJerrow,6/21/1976
592-ajb-527,Baldwin,Godridge,3/6/1977
481-ywq-974,Pepe,McQueen,9/23/1991
071-xen-831,Wade,Philipson,5/1/1995
506-dqr-247,Saundra,Arman,4/11/1994
309-spw-097,Marten,Ferrea,2/2/1973
280-jzo-454,Eberto,Waymont,10/25/1996
478-krf-768,Dorie,Chazerand,9/2/1982
106-kiu-261,Ynes,Wem,7/8/2004
418-wha-922,Chere,Terrazzo,5/23/1985
262-xcb-593,Maddi,Malafe,1/26/1975
604-qqs-955,Winfield,Simionescu,5/10/1970
545-nmx-310,Sonnie,Lages,10/11/1966
098-cpn-465,Ann,Kinker,7/7/1960
393-uoj-443,Odell,Minigo,1/21/1977
305-paj-767,Schuyler,Folcarelli,11/23/2002
461-ujn-267,Tully,Elks,11/30/1969
217-ase-045,Jermaine,Philson,5/17/1997
317-vzz-468,Allys,Scambler,4/8/1961
247-pgs-306,Kary,Pluck,10/20/1992
530-eag-724,Jase,Jenner,12/4/1980
560-ncf-047,Alard,Skirvin,8/4/1980
625-hym-446,Arlena,Condie,1/23/1978
530-pbi-388,Hercules,Cambridge,10/18/1992
443-ssq-777,Darcey,Durnall,5/20/1966
874-chb-527,Leo,Birks,8/2/2004
090-bbh-481,Aurora,Ramard,3/25/1975
680-zno-135,Josephina,Daid,8/16/1985
840-iwg-121,Marje,Mixon,5/21/2000
903-sop-725,Dido,Willowby,3/31/1991
274-ylg-376,Fay,Wolstenholme,4/5/2000
587-buq-487,Findlay,Benez,10/11/1976
222-hiq-669,Hartley,Dearing,5/25/1977
068-oqc-789,Mikaela,MacEntee,11/3/1966
353-kmu-648,Patrica,Dundendale,9/25/1980
786-xit-334,Jorgan,Kellen,1/4/1961
663-wti-449,Faina,Beney,10/23/1989
973-dxz-720,Lindy,Taffie,4/22/1972
119-rdc-315,Riley,McKeighen,7/24/1963
819-scm-959,Bianka,Maylott,3/9/1988
452-auk-523,Odilia,Bellwood,7/18/1978
758-lle-401,Petronille,Killby,7/27/1989
237-emu-529,Jacquetta,Kuhnwald,8/28/1985
150-uuc-153,Zechariah,Gentzsch,6/15/1974
653-lcp-530,Renaldo,Startin,8/15/1999
406-uwg-831,Chaunce,Loveman,10/30/1971
949-tgg-326,Anatole,Sevitt,4/18/1984
053-ygb-703,Eileen,Tidridge,5/14/1985
786-znb-528,Rhea,Bachellier,4/24/1967
502-wvj-274,Lilian,Driver,12/29/1962
269-tav-106,Sammy,Duesbury,9/3/1986
684-wtn-869,Berna,Channing,6/30/1966
340-tjw-634,Chadwick,Ayrs,1/29/1983
205-glg-584,Jannelle,Searight,12/30/1984
239-knz-119,Chadd,Raiment,3/5/2003
874-gfe-393,Lindsey,Dolby,4/21/1988
097-ssk-547,Amabelle,Grist,1/20/1996
341-nwa-728,Ranee,Sattin,4/23/1973
798-cle-318,Vonnie,Ramet,12/29/1994
273-dxg-037,Alasdair,Mogg,10/8/1964
449-shz-693,Winona,Gateshill,6/9/1990
330-loe-494,Joanie,Falla,9/12/1999
082-dzg-347,Windy,Hollebon,1/1/1961
636-gjh-303,Janela,Lucus,1/12/1995
894-nbj-519,Rocky,Siman,4/5/1997
772-snt-497,Stacey,Villaret,1/24/1987
134-bhz-643,Colleen,Alastair,9/26/1986
143-wjq-775,Avrit,Amiss,4/19/1993
768-nfq-022,Bernie,Kleynermans,8/26/1993
196-aza-323,Alyssa,Hilhouse,3/30/1969
585-ajx-318,Phillis,Barwis,4/5/1981
276-xrn-131,Andy,Sparshatt,3/1/1995
957-khu-968,Orlan,Oldrey,5/8/1999
943-pts-165,Torre,d'Arcy,7/24/1968
106-wef-106,Ely,McAlroy,2/24/1968
422-vmm-122,Goddard,Ablewhite,8/21/1964
427-fzp-351,Harrietta,Tremeer,10/12/1976
560-hjc-831,Rivalee,Arsnell,3/1/1967
069-zbi-409,Price,Gjerde,3/22/1993
430-trw-709,Graig,Palister,6/21/2002
537-epk-236,Cristy,Broom,5/8/1964
990-fsj-635,Theodore,Gurge,10/8/2002
072-wxb-519,Mathilda,Tupper,3/28/1971
100-dbg-502,Hermina,Ashbee,2/10/1969
002-gof-744,Lucias,McQuorkel,11/3/1961
555-xcq-928,Morgan,Colquitt,4/11/1979
038-xok-234,Marlon,Luis,11/19/1969
415-hyr-763,Dru,Skyram,5/11/1996
621-cir-569,Corry,Prinett,3/6/1984
467-lho-428,Russell,Skpsey,7/4/1980
176-oqb-743,Marlie,Varty,8/9/1971
091-nky-715,Felike,Wiltsher,3/17/1965
747-kct-229,Reggie,Kezor,9/26/1996
430-obr-436,Cordelie,Lindell,11/12/1986
719-kqi-106,Geoffry,Pothecary,10/10/1985
038-qtw-368,Sybila,Houseman,5/21/2002
178-hzz-608,Michel,Greeno,1/25/2003
616-syx-454,Tibold,Cummungs,12/5/1994
098-jex-412,Rhoda,Brandenburg,4/3/1976
964-gks-233,Annnora,Ladley,3/28/1978
619-ogl-678,Arnoldo,Truscott,10/6/1980
900-rck-884,Maureene,Balcers,3/3/1981
677-zcg-652,Amber,Curwood,3/26/1967
308-isx-520,Salvidor,Bleyman,7/6/1992
351-ute-817,Walton,Parkes,9/11/1982
904-oom-669,Idelle,Teesdale,2/4/1965
810-rmp-620,Pearline,Emmanueli,11/20/1975
037-jwx-320,Pris,Skirvane,2/17/1990
782-yja-228,Filmer,Callcott,7/23/1994
310-hpc-987,Fairfax,Bretton,11/11/1983
951-zra-706,Meggy,Camous,10/11/1972
966-jjk-460,Gwynne,Boeter,8/24/1972
549-mtg-930,Carlita,Duesberry,8/16/1964
769-euk-696,Batholomew,Behagg,12/30/1981
129-zip-031,Lettie,Davisson,4/24/1965
022-uey-405,Norry,Boshard,11/30/1961
821-sbx-099,Tallie,Haller,4/10/1963
305-ccs-955,Mollee,Schiefersten,4/23/1990
955-nqy-560,Ynez,Addicote,3/13/1992
799-lwp-544,Robers,Winslade,5/25/1970
853-hzd-202,Shirleen,Yarr,9/10/1997
489-wrh-629,Thornie,Kamien,2/13/1979
521-ynt-259,Buck,Loseke,3/16/2002
103-cer-801,Ogdan,Pfleger,12/10/1973
367-omo-255,Melessa,Brewett,9/30/1971
052-crf-858,Constantine,Ropkins,2/23/1988
313-vzf-077,Gertrudis,Borrow,6/20/2001
721-hxn-713,Jennee,Rathe,10/16/1986
689-gnk-631,Lindon,Gollin,11/23/1980
289-ceg-139,Vannie,Mowat,7/3/1976
485-wyx-279,Jaynell,Greggs,2/22/2001
009-ihn-608,Filia,Swin,3/19/1987
046-uej-706,Leisha,Fulkes,3/13/1970
880-ajg-118,Drucy,Tarbatt,1/28/1999
253-pzz-200,Joannes,Trim,7/26/2001
374-aei-908,Brianna,Olenchenko,4/25/1981
497-jwf-349,Gaspard,Darmody,3/11/1965
684-mzi-367,Derick,Stovine,8/15/1974
108-uil-954,Tirrell,Tomei,12/7/1983
798-dyn-284,Maximilianus,Milhench,8/3/1981
737-qnj-605,Dane,Bater,3/12/1976
530-dpu-940,Hephzibah,Ghost,5/2/2001
711-zoe-403,Rosabel,Edger,9/28/1999
215-jio-196,Griswold,Ferrick,8/11/1986
452-rua-197,Gertrudis,Sikora,4/12/1974
235-uqs-027,Cornelius,McFfaden,8/25/1968
113-gqg-383,Darci,Berntssen,6/4/1988
361-url-558,Izabel,Scudder,4/22/1990
597-wba-435,Lexi,Coathup,3/20/1994
924-ldo-820,Ricca,Lepope,10/19/1960
213-gnt-421,Nadine,Edgeworth,1/8/1983
768-enc-634,Rriocard,Gallemore,7/7/1986
202-jsr-936,Olia,Mannock,11/3/1991
498-qvm-374,Tedda,Scrooby,6/4/1975
639-ysd-426,Pauly,Camell,4/22/2002
874-aeb-232,Pip,Paulitschke,3/8/1981
640-lgn-841,Elvera,Dowell,11/9/1982
195-nrt-838,Letti,Vass,11/11/1985
737-ljy-845,Ole,Hendrichs,3/14/1963
235-nup-154,Gard,Riccioppo,4/19/1963
273-htb-921,Yvonne,Whillock,3/8/1969
868-ntq-260,Marlon,Dewdeny,4/22/1991
985-tgn-806,Cherianne,Binnion,11/2/1981
910-pgt-659,Joyann,Haulkham,12/22/1962
174-acs-313,Chase,Dussy,9/1/1978
544-wvb-397,Clark,Sherebrook,12/31/1976
739-shx-685,Orton,Petyankin,5/3/1972
865-ljd-493,Legra,Willimot,1/4/2001
210-wth-373,Dannye,Yvon,1/2/1991
671-mjh-555,Nichole,Rodriguez,8/20/1979
665-sqx-898,Mariejeanne,Giottoi,3/25/1976
185-ekj-387,Binnie,Busby,5/1/1971
386-sre-393,Ida,Thiem,6/24/1999
566-oxu-014,Nisse,Du Fray,10/1/1967
760-jam-905,Colman,Badsey,3/31/1989
346-dsf-125,Lanni,Naisbitt,10/15/1988
441-npe-136,Kittie,McConway,3/3/1980
313-kpt-728,Lenna,Madill,8/26/1962
945-crd-926,Elle,Jaynes,10/29/1962
050-hly-634,Bebe,Scripture,8/12/1995
822-lkn-811,Fedora,Rillatt,6/8/2004
848-dbo-740,Laetitia,Ainsworth,11/13/1984
611-akt-742,Coralie,Scoggan,10/18/2003
023-lon-762,Robina,Hiers,11/28/2000
027-gqj-934,Wallache,Kumaar,10/26/1972
622-qpf-949,Raimondo,Frankom,5/1/1977
592-kfr-784,Evvie,Treend,3/15/1967
005-syw-384,Barthel,Mazzey,8/20/1970
906-exb-416,Philippe,Griss,3/2/2001
129-fhm-101,Judith,Trundell,11/27/1965
973-whx-816,Haslett,Woliter,8/10/1960
473-zlc-942,Wade,Buist,1/29/1986
949-fym-893,Nancey,Dominighi,5/29/1992
430-biu-625,Hillard,Tricker,11/9/1979
762-qqb-626,Dodi,Sysland,9/1/2000
159-vqb-340,Julietta,Grew,2/7/1967
514-gtv-099,Salome,Tilbury,1/28/2001
146-oea-772,Kayla,Ellerey,7/25/1975
282-paz-049,Candis,Voules,7/18/1980
311-jof-940,Hetti,Kleinplac,7/10/1995
227-psd-032,Jorry,Furbank,5/24/1976
904-gth-780,Tracee,Harbage,4/14/1964
976-eyt-392,Maddy,McGeady,10/21/1986
542-prj-139,Hartwell,Quince,4/5/1968
866-ixv-234,Bailey,Whiteson,5/29/1963
195-zhk-106,Teodorico,Brodley,8/25/1981
805-rwf-287,Melvin,Ivanyushkin,10/24/1992
349-tmu-855,Alecia,Liverock,10/27/1978
965-brt-610,Marget,Thornbarrow,10/22/1969
145-hwj-377,Alexis,Lillgard,9/4/1998
801-coh-051,King,Rowantree,2/5/1965
323-pls-998,Niall,Cloughton,10/5/1993
310-nzb-530,Morley,Schulkins,9/23/1969
536-own-374,Ward,McGaughie,7/30/1961
842-bcv-322,Lavena,Brandt,11/18/1972
298-vmc-390,Granger,Moss,1/2/1988
366-vno-428,Cathlene,Scimonelli,6/29/1972
464-jfd-839,Freemon,Attewell,9/13/2000
612-ziw-863,Dov,Ballintime,12/15/1981
569-opq-921,Trevar,Dullingham,6/26/1979
690-wiw-677,Eal,Kirby,8/18/1999
246-kfz-463,Idelle,Genese,7/31/1999
940-dza-957,Lucas,Gribben,11/19/1978
912-ndl-012,Jory,Todeo,4/20/1996
525-ott-822,Omero,Jerdan,2/5/1974
985-uug-859,Elijah,Rawsthorne,5/19/1977
944-kkr-699,Milena,Godfray,4/5/2002
059-usq-524,Gisela,De Andreis,6/14/1985
660-bwy-994,Perceval,Capelle,12/18/1998
576-evs-124,Rene,Shingler,1/25/1963
877-ocz-568,Consuela,Bacher,5/20/1971
651-zag-771,Rabbi,Brownbridge,3/17/1975
738-mpq-464,Bertina,Restieaux,5/5/1965
555-qzm-167,Koressa,Hover,11/19/1966
966-lup-390,Ruthann,Adshad,6/18/1996
939-usj-935,Lianne,Maccari,5/9/1966
674-vsp-067,Garnet,Burrage,3/3/1993
617-cyl-415,Ardine,Scrowton,4/12/2001
965-tha-041,Shandeigh,Airey,7/14/1972
511-xne-895,Elka,McCoole,3/10/1993
732-hiz-623,Ambrose,Attewell,8/30/1979
173-owc-925,Selig,McDavitt,12/22/1965
236-mwm-802,Shanta,Erni,1/8/1965
882-vmp-892,Zora,Kirby,3/8/1991
236-cry-433,Garret,Carmichael,9/24/1980
532-adi-428,Burton,Dignam,10/12/1993
126-hrt-815,Arabelle,Mathieu,10/23/1995
784-jkx-173,Janek,Gallihawk,3/16/1966
871-eql-106,Michal,Standley,8/11/1996
776-qwc-748,Petra,Colwill,7/10/1974
547-znm-828,Tabor,Worswick,1/8/1987
119-bik-767,Martguerita,Hazart,1/13/1971
108-doe-174,Beverlee,Troppmann,3/7/1964
928-ifb-982,Karee,Stadden,5/23/1970
112-ieo-777,Lorene,Gianasi,10/30/1987
041-pry-576,Meg,Kielt,6/14/1965
966-zha-631,Doroteya,Sandell,2/3/1972
752-rmy-338,Barney,Coule,5/20/1981
437-aei-654,Joby,Ramalho,9/29/1976
036-wuh-495,Gabriell,Antognazzi,6/6/1993
992-ikf-587,Dilan,Mulholland,2/25/1966
772-zhs-597,Merna,Antram,1/16/1961
864-hbi-470,Shanan,Riach,5/23/1980
724-vpn-428,Brandy,Goodin,6/23/1967
736-wvq-938,Court,O' Mullane,11/14/1976
440-ghm-573,Dean,Rosita,12/7/1994
631-dso-686,Carce,Lathe,9/19/1995
317-dec-934,Myrtice,Dowglass,9/29/1987
882-tfa-458,Salim,McCrainor,5/8/1983
489-wll-834,Murielle,Dabel,3/4/1994
757-wxj-408,Jeralee,Waleworke,11/14/1978
568-nvo-610,Hadley,McGurn,6/8/1966
834-fmc-358,Doralia,Seyffert,12/22/1966
112-alx-919,Mallorie,Pepin,1/19/1995
090-aki-193,Curtice,Mapston,7/15/2002
029-len-284,Henrietta,Jameson,7/22/1983
310-chj-402,Berty,Kedward,11/11/1989
457-nho-918,Thea,Priestman,11/24/1989
312-dro-019,Orran,Vanetti,9/29/1981
990-cmt-986,Derwin,Allwell,6/5/1999
433-puv-184,Mellisent,Crickett,3/12/1963
681-spd-447,Biddie,Wettern,9/4/1988
323-njt-429,Johnnie,Sallowaye,8/18/1961
296-xnb-528,Cam,Amiss,8/23/1974
994-jdr-242,Tucker,Lembcke,1/4/1987
860-zsg-984,Tamma,Neubigging,5/1/1960
311-zcs-257,Venus,Shorthill,12/22/1987
896-qaa-179,Bernette,Carmen,5/22/1985
671-ayq-523,Barby,Cheavin,3/11/1994
121-ufd-701,Eydie,Monelli,12/11/2004
790-jyl-948,Iain,Embling,6/9/1993
221-snj-006,Stevana,Wakelam,8/28/1979
394-dre-239,Kristi,Skae,7/12/1977
270-jve-133,Iago,McQuirter,12/31/1964
231-uag-954,Reine,Yukhov,5/9/1979
054-rfv-543,Lind,Stickel,9/2/2001
435-sze-802,Nathalie,Deevey,12/16/1966
705-fji-266,Evania,Zieme,7/14/1998
468-rra-400,Coriss,Stoute,9/2/1968
950-sqo-550,Patten,Pendle,11/13/1994
117-jvu-806,Winifield,Cody,2/13/1986
493-pai-374,Alena,Pinckard,6/6/1991
546-jkf-801,Beitris,Caruth,3/25/1973
494-baa-822,Shirlee,Thorogood,7/17/1989
267-rii-844,Emmet,Ridge,1/1/1992
582-gwr-293,Maryjane,Dupree,6/27/1980
038-jcf-182,Sofia,Jurasek,1/2/1963
309-zoj-927,Maitilde,Curteis,5/25/1964
444-zny-772,Town,De Carteret,3/13/1963
022-hdw-449,Cristie,Barkas,8/22/1976
527-sho-961,Kort,Huntley,11/23/1963
260-epo-945,Melva,Winfindale,5/20/1996
880-kpc-086,Valdemar,Batchelour,3/24/1975
345-edd-056,Hank,Sprakes,5/21/1975
532-iha-509,Mirelle,Bateman,11/8/1984
177-prh-452,Allx,Caroli,8/5/1975
153-zyq-236,Gaston,Dukes,5/16/1973
877-zfm-320,Fredi,Patron,1/2/1985
758-swv-104,Yetta,Trenholm,1/13/1982
521-qkr-944,Gottfried,Grafhom,7/27/2000
712-mac-540,Corby,Hapgood,12/13/1974
261-gfw-014,Ximenez,Winskill,10/5/1983
689-xzn-430,Tania,Chaters,1/21/1974
649-wtt-432,Ammamaria,Wilcocke,1/31/1973
965-nwg-594,Archaimbaud,Macknish,6/5/1965
614-une-604,Lenci,Weightman,2/6/1966
486-xlj-884,Winnah,Gillison,3/5/1985
994-nhx-791,Tiffany,Ruslinge,1/12/1993
808-xpr-687,Tyson,Vouls,10/16/1989
953-bdb-179,Chrissy,Sokill,9/12/2001
579-jui-169,Jedd,Clery,8/3/1986
672-hqw-080,Patrizius,Joberne,4/24/1990
746-tkg-024,Udale,Glede,7/6/1962
173-djr-153,Irina,Stranaghan,6/14/1963
251-kgt-009,Rodina,Mobbs,8/29/1977
469-wfr-393,Chelsey,Sneyd,7/23/1975
457-vfd-997,Dewitt,Crevagh,8/19/1980
304-nov-808,Lauryn,Dyett,11/5/1984
235-jrf-736,Inessa,Flasby,10/28/1971
908-rpk-319,Marcelle,Fish,4/21/1994
933-xpf-446,Lev,Whitewood,3/2/1972
811-pxz-320,Eustacia,Coxen,2/12/2001
359-znx-774,Nicola,Nower,12/15/1966
057-iki-352,Linea,Eaves,5/5/2003
795-agt-037,Star,McIsaac,8/30/1963
041-msm-182,Goldarina,Streat,11/8/1962
930-lcc-161,Harris,Guillou,7/4/1994
485-ufk-712,Kirsteni,Gergus,7/16/1964
693-ioo-904,Conchita,Randle,7/16/1980
208-wpt-609,Fianna,Presland,9/27/1971
521-uoh-641,Zacharias,Bruyett,5/2/1988
040-doj-449,Timmie,Le Leu,3/1/2002
648-nwc-228,Saul,Mohamed,6/19/2000
844-fjz-787,Armstrong,Saterthwait,6/2/1990
469-cbc-156,Cicily,Vell,5/29/1993
567-kct-540,Steffie,McDowall,11/22/1990
341-fpa-414,Cathee,Fearnside,1/19/1973
862-mot-557,Meara,Tims,12/24/1993
123-xgv-470,Marj,Konke,11/18/1972
942-zxv-853,Sheilakathryn,Braybrookes,3/23/1973
519-pad-105,Fidelia,Luckcock,9/17/1976
424-nkk-338,Nikoletta,Elmes,3/12/1974
916-bvk-693,Christoph,Petzold,3/6/1969
795-uqi-336,Phedra,Quirke,12/2/1996
136-ary-978,Lauri,Conaghy,8/11/1986
838-upy-914,Redd,Strapp,1/6/2001
599-yzj-685,Sharla,Wymer,5/10/2000
365-ogi-145,Odella,Junkin,2/13/1980
056-yid-741,Cozmo,Fotherby,12/25/1994
417-upd-465,Di,Aslum,1/24/1970
845-jve-863,Reggie,Woodworth,8/7/1967
645-sau-822,Joan,Tydd,7/4/1975
684-jdx-913,Cybill,Baythorp,7/28/1983
467-cje-578,Stacee,Stileman,1/2/1967
757-mvy-881,Martin,Blaisdale,9/16/1987
500-blx-050,Addi,Dysart,1/7/1967
546-rus-833,Isobel,Cassidy,6/2/1960
645-hem-952,Faye,Houseago,3/23/1980
810-oyr-098,Virginie,Lago,9/10/1996
747-xqw-907,Sheela,Grose,2/9/2001
048-bnv-650,Chandal,Matresse,9/14/2003
378-xyx-569,Camala,Hallor,11/11/1971
104-elh-291,Veda,Dishman,12/5/1986
408-qtg-934,Ryann,Ribeiro,10/15/1987
785-vwi-944,Dolly,Surgeon,8/13/1965
681-qlw-608,Mead,Langford,3/1/1984
285-yon-603,Harley,Pile,6/19/1988
429-him-534,Kizzie,Blaszkiewicz,10/21/2003
003-mgp-670,Lynnelle,Baffin,5/19/1994
308-rju-799,Hoebart,Raiman,5/10/1972
928-cpo-053,Eada,Sparkwill,1/25/1967
897-fzy-283,Charmine,Handlin,7/20/1962
519-ozb-017,Edd,Statham,10/15/1989
276-gmw-046,Brena,Ruhben,7/16/1975
427-qji-258,Elsa,McCrea,6/29/1993
221-ooq-143,Electra,Pasmore,11/5/1994
227-imh-038,Thia,Esterbrook,9/29/1998
514-myj-425,Audi,McEllen,7/4/2003
864-pea-896,Rosetta,Ughi,12/8/1965
745-dgi-358,Meade,Acreman,10/27/2001
246-lnx-480,Catriona,Devonald,9/11/2000
135-fxe-090,Hilton,Baxstair,1/5/1998
218-lmk-689,Bebe,Watchorn,12/7/1967
631-mxb-732,Alverta,Bartoszewicz,11/28/2004
360-igw-003,Rodd,Langland,4/9/1999
549-cgy-939,Jehu,Showers,8/10/1974
699-vrr-896,Leslie,Spatarul,6/3/1999
571-saf-432,Laraine,Tolliday,2/27/1996
200-vea-272,Bobbie,Cristofol,1/4/1969
764-ply-582,Imelda,Kitcherside,9/22/1960
706-kpg-288,Catlin,Dymocke,5/4/2001
760-ybs-274,Ethyl,Erett,11/13/1969
957-toj-874,Melodee,Londors,12/18/1966
896-ocx-830,Madel,Campo,4/11/1964
791-rmh-590,Dyanne,Oldland,3/3/2001
053-ahe-585,Corney,Salter,10/9/1977
080-mpv-387,Jon,Pacey,11/10/1977
569-lai-225,Darcee,Varfolomeev,10/14/1970
970-bqx-200,Saunder,Ochterlonie,2/18/1987
043-wzj-050,Klarika,Danis,4/22/1993
240-thp-705,Brant,Plumridge,6/9/1967
995-iad-386,Brandice,Lippett,12/5/2001
032-htm-161,Darrelle,Blood,7/5/1983
641-bgx-367,Leda,Brend,8/31/1960
979-yha-217,Elisabet,Parsley,12/13/1993
185-kiz-783,Renaud,Defty,1/28/1981
253-emw-160,Carly,Till,3/19/1989
327-orb-918,Neall,Chapple,3/30/2001
599-eay-233,Noelyn,Fawlks,4/7/1982
906-uvk-287,Odilia,Risebarer,4/27/1966
503-xmw-799,Alasteir,Speirs,5/3/1993
222-tyr-963,Inez,Allonby,8/4/1978
004-cvg-989,Redford,Sakins,9/7/1967
361-hrr-584,Jackelyn,Guntrip,2/4/1985
228-ekc-014,Binni,Musgrove,9/14/1992
334-axy-802,Blaire,Thurley,10/1/1989
713-umf-129,Rora,McGeoch,10/22/2002
553-dlj-932,Annalise,Klugel,9/30/1986
513-tuc-590,Cathrin,Puleque,8/8/1970
009-dlr-903,Liza,Cottesford,6/7/1978
911-hfg-517,Walsh,Valder,1/17/2004
737-bjx-013,Rorie,Eastope,3/15/1979
759-iyd-510,Erma,Aucutt,9/26/1963
987-nmu-967,Jess,Hadye,4/20/1986
188-kmb-244,Lucita,Hillatt,7/15/1961
016-yez-705,Evey,Squire,9/1/1964
409-xdr-512,Roarke,Bridgwater,9/17/1983
779-ofk-395,Giralda,McGloin,12/20/2002
177-vpg-635,Hazlett,Ahrendsen,4/1/2002
912-dhx-480,Laney,Chieco,4/19/1965
724-kbi-289,Brucie,Krauze,7/3/1985
809-rwm-353,Liv,Handrock,4/2/1984
087-rwt-580,Welby,Skirlin,1/3/1990
882-pga-729,Rica,Want,1/20/1985
918-qfo-837,Teddie,Pordal,6/16/2004
048-dpt-420,Norbie,Mack,5/9/1993
681-ilj-419,Pryce,Chalfont,4/16/1985
288-ulg-837,Taylor,Mattityahou,5/16/1977
962-tjl-777,Zebulon,Cowins,9/18/1971
117-dse-667,Herrick,Szymanowski,2/19/1996
675-lri-734,Brent,Jullian,5/16/1969
846-caq-579,Ferne,Prophet,6/24/1980
160-ckj-918,Gerri,Menhenitt,9/14/2001
377-yrq-801,Blancha,Calbreath,9/29/1976
260-sje-383,Maury,Geldard,2/5/1993
988-kga-442,Genevra,Lyles,4/8/1972
862-uox-510,Grenville,Addington,6/12/1993
095-tnw-613,Skye,Comettoi,8/4/1982
449-uqy-484,Lindi,Belding,5/31/1960
977-mnl-314,Langston,Slora,8/14/1986
306-zie-793,Biddie,Coffin,8/12/2000
642-lif-376,Audi,Santi,1/25/1964
706-kvu-898,Welby,O'Brian,4/9/1969
253-mmh-519,Clementine,Voller,12/2/1989
880-ypw-694,Gamaliel,Bugden,6/4/1971
920-bfe-611,Lanita,Weber,10/22/1991
835-wwx-600,Orion,Shayes,1/17/1967
463-mvs-715,Herman,Simester,8/27/1965
673-jxc-399,Moina,Boughton,11/12/1993
569-jbt-714,Trula,Zupa,3/1/1965
453-ngf-043,Rosalynd,Decayette,12/11/1982
834-hyy-579,Dacy,Fenech,3/16/1981
734-bvx-464,Katuscha,McArtan,4/20/1976
476-kae-447,Savina,Edmenson,1/30/1972
085-uhj-381,Giordano,Redpath,10/8/1998
302-vct-539,Angy,Kacheler,3/7/1975
429-xig-515,Cordie,Callear,9/20/1970
158-dar-968,Andres,Braunlein,10/3/1975
652-vra-204,Archaimbaud,Blease,11/22/1988
079-lpz-315,Calley,Lathwell,11/1/1970
375-yee-124,Lou,Blader,11/17/2002
759-ylj-866,Felice,Siss,6/20/1963
681-clw-834,Verina,Radbourne,5/1/1961
328-eke-546,Leonerd,Crumbie,7/16/1976
150-kfv-795,Angeli,Cleverley,4/8/2001
897-cuk-507,Hiram,Ryce,12/15/1998
150-mru-549,Marcel,Showl,8/28/1998
395-vcn-185,Elfreda,Cowthart,12/12/1980
761-dvl-776,Patric,Gallacher,5/20/1984
802-exz-059,Emyle,Bysaker,4/3/1990
034-mpj-315,Storm,Klulik,8/19/1978
830-bwh-346,Rudolfo,Gonnet,10/25/1970
783-cgb-653,Beret,Ackenson,11/11/2001
805-qzf-198,Audrye,Whight,9/9/1985
768-pwa-257,Mercie,Dermot,4/19/1965
168-jtn-240,Janeva,Cliffe,9/2/1991
313-nfj-945,Karolina,Avrasin,6/4/1963
705-qae-751,Jerome,Buesnel,12/6/1978
877-epl-639,Berte,Maypole,12/19/1970
501-euf-243,Jessalyn,McTrustie,9/23/1980
596-kwp-360,Sileas,Belison,7/22/1997
651-abb-245,Reinold,Teall,9/23/1989
014-utv-754,Marjy,Di Biasio,7/11/1974
943-tfv-059,Christa,Tofanini,7/3/1999
181-udf-985,Simona,McDiarmid,7/22/1987
890-suj-273,Britney,Jersch,12/10/1995
669-dze-487,Hobie,Berzons,8/17/1971
456-csy-714,Reinhard,Denham,1/8/1975
300-sso-506,Maris,Danshin,2/9/1972
766-bmd-038,Karil,Czaja,4/15/1961
598-out-272,Cleve,Francis,12/17/1985
462-gtg-762,Charis,Sarton,8/5/1973
005-ijw-444,Falkner,Reeders,5/21/1966
146-gxn-510,Silvester,Cayford,1/2/1980
029-mpb-449,Ruggiero,Wainer,7/20/1992
498-srs-689,Linus,Brazil,5/30/1996
705-nnl-262,Thibaut,Stockley,9/13/1984
273-mfi-314,Ramon,Boddymead,4/10/1992
772-wyb-346,Pammi,Crutchfield,10/20/1997
654-fvt-630,Brnaba,Peele,2/9/1979
443-aca-067,Redd,Biesterfeld,1/16/1961
482-zvs-283,Joel,Braundt,11/19/1961
141-kkw-190,Itch,Florez,10/9/1990
088-xrg-723,Dalton,Drever,9/10/1964
086-hqn-258,Trixi,Pengelley,5/27/1995
800-mwh-156,Prentice,Brothwell,8/17/2003
590-oer-699,Eugen,Skeels,3/6/2002
762-tyd-653,Trstram,Waddington,1/7/1985
728-arx-333,Hartley,Hassey,5/13/1987
299-iuw-857,Rebeca,Sibborn,7/31/1979
954-uhk-652,Orlando,McLauchlin,12/1/1965
725-ges-881,Parsifal,Scoggan,9/6/1978
559-ece-011,Jermaine,Hanbidge,10/2/1989
018-klg-704,Sybila,Maginot,5/27/1974
385-ihm-351,Lilly,Toffaloni,6/24/1987
513-xas-094,Darrin,Kinsella,1/22/1998
618-hur-262,Leonardo,Craydon,12/20/1998
819-dhg-580,Bernarr,Roches,6/17/2003
417-bgx-748,Dania,Drieu,9/16/1976
673-ngg-117,Donnajean,McKay,12/1/1987
632-zdw-172,Chrissie,Kelshaw,12/5/1969
559-vwc-301,Nicolas,Burril,7/27/1984
713-dih-272,Allie,Mowsdill,8/30/1971
641-hvu-225,Ulrich,Teideman,6/7/2003
823-vco-037,Erie,Antley,4/2/2003
213-thg-007,Abbi,Lambird,4/11/1963
098-zcj-113,Horacio,Minihane,12/16/1998
597-xpd-574,Derick,Aickin,11/15/1998
879-rxd-466,Washington,Durgan,4/14/1979
893-jbo-219,Spencer,Walbrook,1/16/1968
395-mlu-374,Mitchael,Dowglass,3/19/1973
998-mvc-579,Sonia,Flaverty,2/7/1994
943-rsc-996,Iseabal,Corfield,6/8/1985
104-rqi-285,Anitra,Cohalan,11/30/1971
247-nyw-275,Chaunce,Chazelas,8/15/1977
356-net-646,Romola,Woodyatt,9/18/1993
218-fjl-503,Rebekkah,Hurnell,4/28/2002
416-lwm-257,Gusta,Ciementini,1/5/1972
605-gay-436,Richard,Huff,7/4/1998
015-cvq-815,Galvin,Luckcuck,10/3/1982
931-qvt-286,Ari,Tull,5/26/2000
233-cdp-688,Billy,Abramowsky,2/11/1995
844-ich-761,Brandtr,Daniely,12/29/1964
898-hnb-039,Karlens,Solan,5/3/1974
403-mwt-344,Issiah,Clemenza,4/26/1961
257-oez-984,Ariel,Wainer,2/16/1985
873-bni-502,Carley,Von Welden,12/27/1970
373-arn-647,Ross,McCuaig,1/2/1965
592-jhe-790,Tatiana,Chable,12/13/1986
657-rvj-732,Jeni,Britnell,8/10/1964
113-pcy-358,Morten,Santore,3/16/1962
995-ltb-133,Cecil,Core,2/26/1988
511-nmo-142,Marleen,Domino,5/24/1964
278-ujf-824,Bobbee,Comettoi,6/27/1995
319-vdg-337,Tim,McAvin,8/19/1986
097-exx-691,Madlen,Biggs,5/13/1985
123-uju-135,Gibbie,Dallicoat,10/7/1983
313-mhe-701,Lukas,Cariss,11/10/1980
328-ppm-925,Jackson,Barehead,8/18/1999
837-cvj-185,Flem,Lias,12/1/1978
384-ydj-203,Norma,Peplaw,12/16/1975
903-mcr-711,Brittney,Oldacre,9/16/1998
680-erx-887,Gwen,Pardy,3/26/1965
588-iks-331,Richy,Caudray,3/28/1995
529-xgt-308,Olivie,Murrell,3/13/1998
435-mpc-170,Brian,Janek,8/3/1960
764-lsa-341,Lavinia,Brewin,6/1/1983
643-jbd-078,Boothe,Drummond,6/19/1968
536-rnv-807,Boniface,Lugton,1/23/1977
678-xlm-673,Arnoldo,Hollidge,5/21/1966
041-guq-734,Tommy,Currer,12/8/1960
844-tic-637,Rand,Padkin,6/18/1976
796-kow-487,Wilburt,Guyonnet,10/3/1968
843-lgj-681,Wilhelm,Shoutt,5/6/1995
965-fgy-809,Ernest,Rayhill,9/1/1993
420-pyk-278,Read,Mattam,2/27/2001
149-mnr-294,Patrick,Bows,1/17/1995
912-hfj-733,Xever,Slark,4/19/1978
057-lzk-815,Carling,Sier,5/6/1960
374-mfv-454,Ricky,Shelly,9/7/1978
674-mnv-401,Morgen,Howland,9/11/1985
165-nsn-871,Alden,Mutter,6/1/1962
308-uwt-827,Joelynn,Trudgion,5/23/1985
747-phv-741,Melina,Toomey,12/24/1976
457-ouj-560,Cyrus,Norrie,7/23/1979
837-hqc-030,Happy,Luipold,11/12/1977
172-eci-997,Xavier,Spurnier,4/29/1996
973-tkd-457,Leonard,Pettifor,3/20/2003
723-isa-377,Taite,Pitcaithly,8/23/1979
757-spu-047,Sargent,Matisse,12/4/1967
754-cjp-579,Fred,Bosley,12/24/1975
302-hep-041,Alphard,Spellar,4/26/1981
805-zah-866,Adorne,Maseres,7/19/2002
943-roe-790,Sally,Bushby,9/19/2004
521-tdh-058,Wilfred,Teodoro,3/20/1985
177-lvr-874,Reuben,Stanion,12/16/1968
414-raf-965,Fax,Jacklings,2/1/1999
556-usg-993,Nyssa,Caris,11/8/1991
803-zjb-298,Had,Spawforth,11/14/1993
731-fbw-941,Jarad,Jantel,8/17/2002
132-nyy-357,Tarah,Beak,7/22/1971
421-chn-061,Ossie,Garnham,5/2/2002
830-vvd-489,Karrah,Pachta,6/9/1992
672-zsx-363,Brod,Greenlies,3/3/1989
606-reh-482,Callean,Guerriero,5/16/1970
486-nxi-357,Gabbey,Pettet,7/8/1995
972-kgv-353,Jenelle,Nieass,6/11/1975
547-xsf-873,Valerie,Ashe,2/10/1981
725-hxe-119,Taddeo,Minty,9/22/1961
735-ual-934,Ninnette,Bartkiewicz,4/2/1979
315-iul-332,Wilmer,MacKessock,12/27/1974
404-bww-945,Horatius,Bolles,3/30/1961
965-rvg-859,Zachary,Poulter,5/8/1975
937-ond-079,Hewett,Mealham,6/29/1961
857-smc-543,Brigida,Thomelin,9/6/1968
891-dwy-076,Osmund,Kestell,12/8/1970
511-hsr-241,Swen,Tschursch,5/3/1981
183-eor-217,Fernando,Brookfield,3/11/1962
236-urc-532,Becka,Streeton,10/5/2004
378-yxv-220,Meg,Brahms,1/24/1984
347-src-386,Meara,Renackowna,10/14/1999
305-nyj-843,Solly,Branche,3/7/1999
477-way-263,Lock,Soltan,9/21/1973
397-wcc-426,Debera,Sexti,5/21/1980
469-dvd-551,Moise,Proudlock,10/16/1967
209-xrp-795,Jennifer,Skeates,10/24/1962
113-jjr-492,Gertrudis,Keough,8/13/1961
676-tqa-144,Loren,Bendel,7/15/1993
231-syz-314,Davy,Greggersen,4/6/1974
295-zba-492,Bree,Ragdale,7/29/1972
472-ycu-659,Hendrik,Yakushkev,11/19/1994
084-oip-546,Stu,Prozillo,2/22/1983
918-gaj-175,Melisse,Cheers,2/7/1968
558-goz-742,Ellene,Watsam,1/4/2002
928-qge-111,Brewster,Stallen,7/4/2000
619-tlv-733,Willy,Stove,1/9/1964
950-ubj-693,Conrado,Mowbury,6/12/1998
115-tdd-146,Olive,Heaney,9/1/1996
279-yim-978,Cherilyn,Nann,4/14/1998
045-smx-111,Brietta,McIlvaney,6/26/1979
