product_id,product_name,product_description,weight,price,promotion_id,dimension_id,supplier_id
PR00001,AI-Powered Router,Innovative technology,6.59,545.35,PM00402,DM00638,SP00352
PR00002,Sleek Action Cam,Compact design,3.45,563.07,PM00534,DM00835,SP00601
PR00003,Multi-Function Printer,User-friendly,14.52,763.57,PM00703,DM00562,SP00540
PR00004,Vintage Earbuds,Ergonomic,12.16,311.75,PM00400,DM00508,SP00352
PR00005,Sleek Tablet,Energy efficient,18.67,186.63,PM00762,DM00749,SP00728
PR00006,Vintage Fitness Tracker,Durable,12.93,13.78,PM00017,DM00246,SP00524
PR00007,Retro Earbuds,Durable,12.8,864.99,PM00807,DM00010,SP00736
PR00008,Touch VR Headset,Versatile use,4.74,209.78,PM00121,DM00185,SP00959
PR00009,Sleek Smartphone,User-friendly,15.94,487.61,PM00507,DM00953,SP00003
PR00010,Smart Router,Versatile use,12.56,947.26,PM00177,DM00091,SP00901
PR00011,Foldable Recorder,User-friendly,13.65,581.76,PM00059,DM00475,SP00460
PR00012,Portable Console,Compact design,5.05,122.24,PM00362,DM00591,SP00565
PR00013,Compact Smart Glasses,Durable,16.01,531.14,PM00632,DM00565,SP00347
PR00014,Portable Nintendo,Ergonomic,12.17,570.63,PM00771,DM00064,SP00113
PR00015,SD Smartwatch,Compact design,13.74,682.53,PM00696,DM00735,SP00484
PR00016,Sleek Printer,User-friendly,11.13,317.58,PM00904,DM00686,SP00633
PR00017,Lite VR Headset,Ergonomic,8.25,686.66,PM00824,DM00424,SP00583
PR00018,Vintage Desk Lamp,Ergonomic,8.07,512.23,PM00842,DM00419,SP00083
PR00019,Noise-Cancelling eReader,Eco-friendly,12.88,800.19,PM00769,DM00851,SP00570
PR00020,Portable Keyboard,Compact design,3.79,435.31,PM00712,DM00198,SP00872
PR00021,Touch Earbuds,Energy efficient,15.49,793.96,PM00520,DM00470,SP00956
PR00022,High-Resolution Laptop,Compact design,6.76,451.49,PM00728,DM00291,SP00709
PR00023,Compact Monitor,Sleek and modern,4.47,940.99,PM00339,DM00581,SP00553
PR00024,Budget Tablet,Compact design,13.92,456.74,PM00565,DM00643,SP00172
PR00025,HD Mouse,Durable,11.99,770.18,PM00422,DM00290,SP00062
PR00026,High-Speed Laptop,High quality,6.56,24.59,PM00406,DM00542,SP00801
PR00027,AI-Powered Monitor,Innovative technology,17.73,494.83,PM00658,DM00920,SP00866
PR00028,Advanced Fitness Tracker,Eco-friendly,7.76,505.22,PM00352,DM00335,SP00304
PR00029,Lite Earbuds,User-friendly,5.55,37.68,PM00400,DM00512,SP00085
PR00030,Waterproof Keyboard,Ergonomic,3.28,555.55,PM00096,DM00948,SP00169
PR00031,AI-Powered Console,Compact design,10.13,546.09,PM00101,DM00196,SP00134
PR00032,Heavy-Duty Smartwatch,Energy efficient,6.98,663.35,PM00734,DM00612,SP00745
PR00033,Advanced Keyboard,Innovative technology,9.22,73.22,PM00099,DM00141,SP00657
PR00034,Touch Earbuds,Ergonomic,10.06,915.08,PM00203,DM00356,SP00956
PR00035,Premium Smart Glasses,High quality,18.18,857.72,PM00580,DM00158,SP00239
PR00036,High-Resolution Console,Sleek and modern,5.04,519.52,PM00352,DM00205,SP00690
PR00037,High-Performance Smart Glasses,Energy efficient,4.44,152.23,PM00450,DM00759,SP00371
PR00038,Ergonomic Smartwatch,Energy efficient,7.34,610.65,PM00633,DM00113,SP00604
PR00039,High-Resolution Keyboard,Versatile use,11.24,314.75,PM00264,DM00708,SP00138
PR00040,Sleek Keyboard,Ergonomic,3.14,85.93,PM00394,DM00809,SP00353
PR00041,Noise-Cancelling Power Bank,Innovative technology,8.24,830.62,PM00738,DM00429,SP00227
PR00042,High-Speed Mouse,User-friendly,15.58,544.26,PM00223,DM00406,SP00817
PR00043,Mini eReader,Energy efficient,5.62,178.55,PM00441,DM00912,SP00592
PR00044,Portable Recorder,Compact design,19.74,69.32,PM00387,DM00087,SP00946
PR00045,Gaming Drone,User-friendly,19.71,718.54,PM00814,DM00111,SP00047
PR00046,Compact Fitness Tracker,Innovative technology,7.04,977.4,PM00531,DM00119,SP00760
PR00047,Waterproof Camera,Versatile use,12.81,117.66,PM00523,DM00720,SP00875
PR00048,Ultra-Light Smart Glasses,Durable,13.75,366.93,PM00290,DM00098,SP00309
PR00049,Rugged Power Bank,Ergonomic,17.23,90.17,PM00555,DM00383,SP00236
PR00050,Budget Monitor,Compact design,18.89,641.26,PM00507,DM00311,SP00276
PR00051,Foldable Mouse,User-friendly,14.25,758.63,PM00268,DM00903,SP00488
PR00052,SE Power Bank,Innovative technology,7.33,673.81,PM00554,DM00204,SP00012
PR00053,Dual-Screen Fitness Tracker,Versatile use,16.55,700.76,PM00694,DM00600,SP00051
PR00054,Magnetic Printer,Innovative technology,7.3,104.57,PM00646,DM00200,SP00306
PR00055,AI-Powered Smart Speaker,Eco-friendly,19.6,538.71,PM00505,DM00618,SP00862
PR00056,Portable Smart Speaker,Compact design,14.95,682.91,PM00624,DM00480,SP00918
PR00057,Vintage eReader,Durable,10.73,197.29,PM00678,DM00178,SP00970
PR00058,Rugged eReader,User-friendly,3.82,150.24,PM00057,DM00531,SP00853
PR00059,Eco Tablet,High quality,16.53,638.86,PM00824,DM00555,SP00080
PR00060,Wireless External Hard Drive,User-friendly,8.91,679.94,PM00465,DM00018,SP00585
PR00061,High-Speed Action Cam,Durable,18.2,872.15,PM00343,DM00109,SP00590
PR00062,Multi-Function Monitor,User-friendly,6.16,275.34,PM00506,DM00326,SP00756
PR00063,Noise-Cancelling Console,Ergonomic,18.27,443.39,PM00916,DM00249,SP00629
PR00064,Touch Keyboard,User-friendly,3.75,255.79,PM00097,DM00144,SP00622
PR00065,Foldable Tablet,Energy efficient,19.95,784.39,PM00755,DM00611,SP00967
PR00066,Touch Smart Speaker,Compact design,13.43,664.03,PM00897,DM00887,SP00277
PR00067,Portable Tablet,Innovative technology,12.45,803.63,PM00522,DM00803,SP00335
PR00068,AI-Powered Nintendo,Sleek and modern,9.17,646.55,PM00794,DM00729,SP00069
PR00069,Ultra-Light Smart Speaker,Sleek and modern,10.71,495.16,PM00773,DM00830,SP00228
PR00070,Compact Monitor,Durable,19.71,407.7,PM00865,DM00466,SP00992
PR00071,Dual-Screen Smart Glasses,Energy efficient,12.22,591.49,PM00223,DM00297,SP00668
PR00072,Premium External Hard Drive,Eco-friendly,0.54,238.46,PM00551,DM00040,SP00164
PR00073,Advanced Monitor,Compact design,17.22,343.78,PM00527,DM00520,SP00829
PR00074,High-Resolution Console,Eco-friendly,14.94,581.15,PM00091,DM00899,SP00760
PR00075,HD Console,Energy efficient,16.84,259.06,PM00646,DM00427,SP00796
PR00076,High-Resolution Gaming Chair,Innovative technology,4.51,485.75,PM00666,DM00391,SP00395
PR00077,Compact VR Headset,Versatile use,12.63,394.45,PM00243,DM00904,SP00792
PR00078,Dual-Screen VR Headset,Sleek and modern,8.05,833.03,PM00729,DM00282,SP00620
PR00079,Budget Power Bank,Eco-friendly,13.76,27.08,PM00980,DM00560,SP00889
PR00080,High-Speed Laptop,Innovative technology,3.19,271.03,PM00781,DM00627,SP00550
PR00081,Vintage Power Bank,High quality,16.79,591.11,PM00566,DM00399,SP00877
PR00082,Multi-Function Earbuds,User-friendly,14.51,456.52,PM00850,DM00272,SP00296
PR00083,High-Resolution VR Headset,User-friendly,1.67,888.83,PM00127,DM00855,SP00394
PR00084,Rugged Keyboard,Durable,18.29,988.54,PM00569,DM00745,SP00631
PR00085,Eco Drone,Innovative technology,18.15,704.24,PM00847,DM00968,SP00686
PR00086,Compact Gaming Chair,Compact design,13.91,108.59,PM00121,DM00576,SP00619
PR00087,High-Speed Printer,Energy efficient,3.95,929.01,PM00177,DM00522,SP00222
PR00088,Magnetic Headphones,Innovative technology,4.03,628.23,PM00268,DM00380,SP00836
PR00089,Compact Camera,Eco-friendly,11.97,500.58,PM00603,DM00896,SP00327
PR00090,Premium Drone,User-friendly,18.96,662.74,PM00058,DM00128,SP00596
PR00091,Touch Nintendo,User-friendly,19.21,34.93,PM00383,DM00334,SP00052
PR00092,Heavy-Duty Earbuds,User-friendly,8.98,333.49,PM00686,DM00175,SP00528
PR00093,Noise-Cancelling Fitness Tracker,Versatile use,12.05,311.33,PM00767,DM00395,SP00424
PR00094,Vintage Earbuds,Eco-friendly,11.63,246.56,PM00020,DM00767,SP00019
PR00095,Premium Laptop,Energy efficient,5.36,291.64,PM00261,DM00077,SP00234
PR00096,Smart Tablet,Versatile use,9.87,81.8,PM00899,DM00785,SP00041
PR00097,Portable Smart Glasses,Durable,7.14,836.06,PM00154,DM00725,SP00933
PR00098,High-Resolution Gaming Chair,User-friendly,8.58,87.37,PM00819,DM00854,SP00500
PR00099,Compact Headphones,Sleek and modern,9.84,735.61,PM00975,DM00432,SP00109
PR00100,Budget Headphones,Innovative technology,10.88,401.92,PM00809,DM00050,SP00421
PR00101,Budget Laptop,Durable,3.53,954.57,PM00004,DM00821,SP00432
PR00102,Ultra Smart Glasses,Compact design,3.45,895.91,PM00222,DM00592,SP00567
PR00103,Budget Action Cam,Ergonomic,10.06,391.46,PM00678,DM00827,SP00908
PR00104,Ultra Mouse,Energy efficient,17.57,526.2,PM00932,DM00865,SP00704
PR00105,Heavy-Duty Earbuds,Energy efficient,9.61,797.11,PM00381,DM00753,SP00296
PR00106,Retro Drone,User-friendly,14.95,939.52,PM00866,DM00062,SP00958
PR00107,Noise-Cancelling VR Headset,Compact design,8.56,372.73,PM00081,DM00505,SP00785
PR00108,High-Resolution Nintendo,Durable,10.86,280.77,PM00250,DM00179,SP00146
PR00109,Premium Desk Lamp,Compact design,13.19,291.67,PM00663,DM00426,SP00461
PR00110,Touch Smart Glasses,User-friendly,16.64,721.39,PM00084,DM00703,SP00619
PR00111,Gaming Mouse,Eco-friendly,9.7,662.4,PM00093,DM00858,SP00935
PR00112,High-Resolution Mouse,User-friendly,2.66,554.01,PM00767,DM00415,SP00886
PR00113,Ergonomic Monitor,Versatile use,6.72,209.62,PM00371,DM00223,SP00260
PR00114,Touch Monitor,Innovative technology,17.29,645.15,PM00948,DM00932,SP00942
PR00115,Noise-Cancelling VR Headset,High quality,6.68,859.23,PM00046,DM00978,SP00219
PR00116,Multi-Function Fitness Tracker,Eco-friendly,11.89,585.56,PM00408,DM00783,SP00884
PR00117,Dual-Screen Console,Innovative technology,6.14,642.48,PM00090,DM00013,SP00160
PR00118,Lite Action Cam,High quality,14.01,783.82,PM00378,DM00879,SP00717
PR00119,SD Action Cam,Eco-friendly,6.12,448.72,PM00646,DM00021,SP00177
PR00120,HD Action Cam,Sleek and modern,6.82,501.95,PM00284,DM00902,SP00639
PR00121,Pro Router,Versatile use,6.39,240.18,PM00287,DM00165,SP00115
PR00122,Rugged Drone,Compact design,4.73,835.27,PM00520,DM00834,SP00874
PR00123,Mini Desk Lamp,User-friendly,5.32,164.88,PM00511,DM00328,SP00822
PR00124,Retro Console,Innovative technology,6.2,691.12,PM00896,DM00630,SP00078
PR00125,Ultra Recorder,Durable,4.13,16.51,PM00455,DM00760,SP00623
PR00126,High-Speed Laptop,Durable,17.07,501.23,PM00725,DM00871,SP00580
PR00127,Waterproof Monitor,Eco-friendly,12.29,721.08,PM00886,DM00751,SP00162
PR00128,Ultra-Light External Hard Drive,Compact design,17.32,460.54,PM00802,DM00845,SP00239
PR00129,Lite Action Cam,Eco-friendly,10.77,371.35,PM00071,DM00226,SP00519
PR00130,Lite Headphones,Innovative technology,18.83,109.85,PM00351,DM00958,SP00424
PR00131,Ultra-Light Smart Glasses,Versatile use,18.25,278.62,PM00866,DM00587,SP00943
PR00132,Advanced Printer,Versatile use,9.77,265.72,PM00395,DM00182,SP00856
PR00133,Ergonomic Drone,High quality,3.64,841.79,PM00567,DM00726,SP00998
PR00134,AI-Powered Smart Speaker,Compact design,4.88,402.2,PM00331,DM00985,SP00480
PR00135,Ergonomic External Hard Drive,Innovative technology,15.17,990.52,PM00259,DM00371,SP00738
PR00136,HD Nintendo,Durable,18.63,827.02,PM00930,DM00539,SP00701
PR00137,Solar Smart Speaker,Compact design,5.57,493.15,PM00647,DM00293,SP00355
PR00138,AI-Powered Printer,Eco-friendly,1.68,787.76,PM00882,DM00304,SP00769
PR00139,Waterproof Mouse,User-friendly,12.9,580.99,PM00052,DM00702,SP00115
PR00140,Compact Smart Speaker,High quality,9.02,217.94,PM00645,DM00956,SP00603
PR00141,Ultra-Light Action Cam,Compact design,1.13,807.65,PM00013,DM00852,SP00447
PR00142,SE Desk Lamp,Eco-friendly,14.67,323.75,PM00004,DM00823,SP00233
PR00143,SD Gaming Chair,Innovative technology,4.54,947.61,PM00269,DM00359,SP00288
PR00144,Foldable External Hard Drive,Versatile use,2.89,959.23,PM00860,DM00499,SP00389
PR00145,High-Resolution Recorder,Compact design,18.01,597.27,PM00819,DM00256,SP00948
PR00146,Ergonomic VR Headset,Compact design,1.66,88.11,PM00453,DM00066,SP00678
PR00147,HD External Hard Drive,Versatile use,16.34,478.18,PM00934,DM00740,SP00380
PR00148,Rugged Laptop,Versatile use,13.91,575.46,PM00226,DM00442,SP00598
PR00149,Solar External Hard Drive,Sleek and modern,10.81,543.15,PM00917,DM00154,SP00042
PR00150,Waterproof Recorder,Versatile use,18.98,613.27,PM00666,DM00124,SP00259
PR00151,Slim Camera,Versatile use,9.55,575.74,PM00708,DM00453,SP00098
PR00152,Foldable Console,Versatile use,5.13,314.86,PM00869,DM00313,SP00721
PR00153,Slim Printer,Innovative technology,6.34,642.42,PM00292,DM00786,SP00338
PR00154,Eco Console,Durable,5.3,94.11,PM00726,DM00003,SP00991
PR00155,Pro Tablet,Durable,9.53,246.7,PM00789,DM00366,SP00440
PR00156,Smart eReader,Durable,3.88,353.5,PM00048,DM00894,SP00874
PR00157,Noise-Cancelling Camera,Energy efficient,5.21,405.11,PM00903,DM00605,SP00407
PR00158,High-Speed Laptop,User-friendly,18.66,996.45,PM00837,DM00538,SP00459
PR00159,Budget Tablet,Innovative technology,5.85,52.1,PM00571,DM00652,SP00794
PR00160,Ultra-Light Smart Speaker,Versatile use,5.17,461.73,PM00082,DM00100,SP00288
PR00161,Advanced Laptop,Durable,19.24,421.62,PM00523,DM00209,SP00560
PR00162,Ultra-Light Gaming Chair,Durable,4.42,417.6,PM00908,DM00265,SP00372
PR00163,Compact Gaming Chair,Energy efficient,15.96,311.91,PM00621,DM00446,SP00647
PR00164,Retro Smartwatch,Durable,4.61,575.46,PM00708,DM00671,SP00717
PR00165,High-Resolution Laptop,Versatile use,19.92,794.42,PM00067,DM00088,SP00171
PR00166,Sleek Nintendo,Ergonomic,5.93,130.03,PM00818,DM00278,SP00856
PR00167,Gaming Camera,Versatile use,16.46,485.1,PM00538,DM00979,SP00950
PR00168,High-Resolution Printer,User-friendly,5.86,776,PM00773,DM00238,SP00894
PR00169,Gaming eReader,Versatile use,8.79,179.78,PM00331,DM00493,SP00101
PR00170,Heavy-Duty Earbuds,Ergonomic,14.69,766.41,PM00630,DM00635,SP00408
PR00171,Ergonomic Monitor,Ergonomic,13.03,304.21,PM00342,DM00303,SP00082
PR00172,High-Performance External Hard Drive,Versatile use,12.56,370.23,PM00112,DM00602,SP00454
PR00173,Noise-Cancelling Earbuds,High quality,12.07,373.21,PM00025,DM00857,SP00555
PR00174,Ergonomic Keyboard,Compact design,13.81,528.42,PM00534,DM00032,SP00248
PR00175,Retro Monitor,Compact design,18.01,147.61,PM00156,DM00078,SP00264
PR00176,Ultra Camera,Durable,5.65,313.7,PM00739,DM00950,SP00327
PR00177,Retro Fitness Tracker,Sleek and modern,7.69,840.78,PM00469,DM00031,SP00003
PR00178,Ultra Smartphone,Durable,15.43,757.32,PM00570,DM00650,SP00419
PR00179,High-Speed Power Bank,Eco-friendly,19.54,597.96,PM00048,DM00244,SP00227
PR00180,Ultra Mouse,Eco-friendly,0.52,58.09,PM00051,DM00853,SP00457
PR00181,Heavy-Duty Laptop,Compact design,5.1,675.65,PM00363,DM00914,SP00649
PR00182,Compact Smart Glasses,Innovative technology,17.47,417.94,PM00271,DM00034,SP00320
PR00183,Budget Console,User-friendly,9.05,67.2,PM00094,DM00907,SP00912
PR00184,Ultra VR Headset,User-friendly,11.79,736.16,PM00532,DM00099,SP00872
PR00185,High-Performance Fitness Tracker,High quality,9.28,118.85,PM00582,DM00628,SP00275
PR00186,Mini Mouse,High quality,7.18,954.69,PM00169,DM00839,SP00566
PR00187,Compact Desk Lamp,Sleek and modern,8.56,299.89,PM00910,DM00807,SP00983
PR00188,Compact Monitor,Durable,13.81,189.99,PM00602,DM00456,SP00496
PR00189,Waterproof VR Headset,Ergonomic,19.26,896.56,PM00038,DM00580,SP00207
PR00190,Ultra-Light VR Headset,Versatile use,2.66,140.33,PM00778,DM00861,SP00960
PR00191,Ultra-Light VR Headset,Eco-friendly,5.52,361.5,PM00106,DM00986,SP00984
PR00192,Mini Recorder,High quality,5.64,462.35,PM00589,DM00738,SP00873
PR00193,SD Power Bank,Innovative technology,14.47,875.28,PM00269,DM00782,SP00580
PR00194,Magnetic eReader,High quality,11.1,482.3,PM00043,DM00891,SP00112
PR00195,Retro Smartwatch,Energy efficient,1.46,694.28,PM00426,DM00663,SP00042
PR00196,Noise-Cancelling Camera,User-friendly,1.65,778.03,PM00551,DM00672,SP00883
PR00197,Noise-Cancelling Keyboard,Energy efficient,3.17,434.72,PM00570,DM00323,SP00016
PR00198,High-Resolution Drone,Ergonomic,9.94,459.92,PM00446,DM00396,SP00736
PR00199,Magnetic Headphones,User-friendly,15.99,248.35,PM00569,DM00461,SP00105
PR00200,High-Resolution Tablet,Energy efficient,9.97,290.15,PM00540,DM00525,SP00864
PR00201,Advanced eReader,Innovative technology,3.49,913.56,PM00159,DM00006,SP00370
PR00202,High-Performance Recorder,Ergonomic,8.11,970.91,PM00931,DM00833,SP00923
PR00203,Noise-Cancelling Keyboard,Energy efficient,10.46,728.33,PM00041,DM00271,SP00863
PR00204,Retro Desk Lamp,Ergonomic,2.41,377.31,PM00225,DM00152,SP00042
PR00205,Rugged Tablet,Durable,4.16,495.42,PM00066,DM00876,SP00162
PR00206,Ergonomic Console,Durable,17.63,812.7,PM00551,DM00906,SP00768
PR00207,Multi-Function Fitness Tracker,User-friendly,7.42,563.48,PM00747,DM00081,SP00639
PR00208,Sleek Earbuds,Versatile use,1.84,773.97,PM00231,DM00468,SP00058
PR00209,Budget Earbuds,Eco-friendly,3.46,274.83,PM00219,DM00369,SP00926
PR00210,Portable Earbuds,Compact design,1.86,336.76,PM00286,DM00594,SP00573
PR00211,SD Fitness Tracker,Durable,9.82,969.25,PM00383,DM00658,SP00754
PR00212,Wireless Desk Lamp,Energy efficient,5.96,952.27,PM00400,DM00789,SP00429
PR00213,Advanced Drone,Eco-friendly,11.03,724.29,PM00412,DM00096,SP00759
PR00214,Noise-Cancelling eReader,High quality,18.82,132.64,PM00778,DM00112,SP00457
PR00215,Advanced VR Headset,Eco-friendly,7.37,819.54,PM00136,DM00247,SP00091
PR00216,Smart Smart Speaker,Durable,11.08,182.45,PM00244,DM00411,SP00237
PR00217,Touch Mouse,Durable,0.97,168.03,PM00721,DM00261,SP00977
PR00218,Noise-Cancelling Recorder,Ergonomic,12.25,879.64,PM00847,DM00266,SP00636
PR00219,Solar Gaming Chair,Eco-friendly,7.01,69.58,PM00629,DM00963,SP00822
PR00220,Rugged Gaming Chair,Compact design,8.58,69.08,PM00197,DM00568,SP00955
PR00221,SE Desk Lamp,High quality,0.88,975.67,PM00192,DM00532,SP00951
PR00222,Waterproof Smartwatch,Eco-friendly,12.33,740.67,PM00493,DM00199,SP00802
PR00223,Waterproof Printer,Ergonomic,4.76,532.84,PM00530,DM00135,SP00601
PR00224,AI-Powered Smart Speaker,Sleek and modern,14.87,582.48,PM00962,DM00669,SP00315
PR00225,High-Performance Action Cam,High quality,13.35,299.45,PM00564,DM00711,SP00853
PR00226,Budget External Hard Drive,User-friendly,15.33,772.49,PM00795,DM00656,SP00017
PR00227,Vintage Headphones,User-friendly,5.97,477.15,PM00748,DM00320,SP00784
PR00228,Touch Smartphone,Versatile use,18.34,784.9,PM00125,DM00895,SP00331
PR00229,Waterproof External Hard Drive,Durable,2.82,322.16,PM00143,DM00422,SP00268
PR00230,Touch Desk Lamp,User-friendly,4.76,260.32,PM00495,DM00790,SP00274
PR00231,Compact Printer,Eco-friendly,15.63,849.45,PM00692,DM00235,SP00645
PR00232,HD Power Bank,Innovative technology,9.03,254.39,PM00441,DM00363,SP00123
PR00233,Retro Monitor,Durable,1.92,763.26,PM00888,DM00307,SP00368
PR00234,Compact Recorder,Ergonomic,13.38,794.34,PM00341,DM00634,SP00426
PR00235,Smart Keyboard,Ergonomic,3.59,988.99,PM00624,DM00239,SP00904
PR00236,Smart Keyboard,Ergonomic,16.01,814.7,PM00678,DM00962,SP00981
PR00237,Lite Camera,User-friendly,12.86,98.1,PM00234,DM00167,SP00628
PR00238,Gaming Smart Speaker,Versatile use,7.71,141.38,PM00211,DM00516,SP00473
PR00239,Advanced Printer,Energy efficient,1.1,373.92,PM00749,DM00988,SP00325
PR00240,Foldable Laptop,Innovative technology,14.98,117.9,PM00648,DM00770,SP00183
PR00241,Smart Smart Speaker,Energy efficient,14.59,692.38,PM00179,DM00756,SP00845
PR00242,AI-Powered Drone,Ergonomic,6.19,149.85,PM00844,DM00312,SP00332
PR00243,Mini External Hard Drive,Eco-friendly,12.46,952.08,PM00319,DM00225,SP00552
PR00244,Ultra Nintendo,Innovative technology,7.64,499.16,PM00153,DM00994,SP00446
PR00245,Foldable Smartwatch,Versatile use,15.54,162.82,PM00656,DM00837,SP00583
PR00246,Sleek Drone,Compact design,16.96,496.68,PM00573,DM00390,SP00033
PR00247,Waterproof Desk Lamp,Versatile use,16.93,513.03,PM00692,DM00120,SP00886
PR00248,Magnetic Laptop,Durable,1.08,990.13,PM00835,DM00820,SP00529
PR00249,High-Speed Smartwatch,High quality,2.38,353.3,PM00304,DM00104,SP00021
PR00250,Foldable Headphones,Versatile use,11.96,707.52,PM00796,DM00460,SP00004
PR00251,Compact Nintendo,Versatile use,9.14,67.22,PM00973,DM00072,SP00141
PR00252,Budget Fitness Tracker,Energy efficient,16.54,445.61,PM00593,DM00065,SP00435
PR00253,Advanced VR Headset,Versatile use,1.11,150,PM00314,DM00863,SP00593
PR00254,Ultra Recorder,Energy efficient,7.62,305.78,PM00023,DM00496,SP00503
PR00255,Dual-Screen Smart Glasses,High quality,17.46,128.94,PM00618,DM00121,SP00330
PR00256,Ultra-Light Earbuds,Innovative technology,14.81,303.34,PM00087,DM00053,SP00845
PR00257,SE Gaming Chair,Eco-friendly,18.77,45.99,PM00156,DM00965,SP00721
PR00258,Retro Smartwatch,Compact design,5.18,274.99,PM00294,DM00384,SP00481
PR00259,Ergonomic Smart Glasses,Durable,18.26,597.04,PM00100,DM00537,SP00447
PR00260,Dual-Screen Power Bank,User-friendly,11.58,145.58,PM00015,DM00381,SP00934
PR00261,Magnetic Headphones,Eco-friendly,10.03,569.03,PM00627,DM00660,SP00420
PR00262,High-Speed VR Headset,Eco-friendly,10.33,573.67,PM00398,DM00937,SP00185
PR00263,HD Mouse,Sleek and modern,8.91,769.67,PM00580,DM00155,SP00251
PR00264,Foldable Power Bank,Eco-friendly,10.03,10.71,PM00339,DM00514,SP00452
PR00265,Advanced Console,Compact design,8.24,896.57,PM00873,DM00806,SP00543
PR00266,Eco Mouse,Ergonomic,2.47,129.9,PM00827,DM00877,SP00567
PR00267,Magnetic Router,Eco-friendly,16.9,35.72,PM00281,DM00070,SP00566
PR00268,Eco Headphones,Durable,8.99,840.9,PM00336,DM00151,SP00025
PR00269,HD Smart Speaker,Energy efficient,5.73,345.03,PM00702,DM00332,SP00948
PR00270,Waterproof Console,Compact design,4.55,563.71,PM00646,DM00923,SP00130
PR00271,Portable Mouse,Sleek and modern,4.33,142.31,PM00186,DM00285,SP00291
PR00272,Lite Smart Speaker,Eco-friendly,7.51,713.32,PM00380,DM00787,SP00944
PR00273,Ultra-Light Smart Glasses,Durable,13.49,566.49,PM00800,DM00661,SP00953
PR00274,AI-Powered Smart Speaker,Innovative technology,17.02,284.92,PM00474,DM00241,SP00210
PR00275,High-Resolution Tablet,Durable,4.32,838.95,PM00508,DM00570,SP00010
PR00276,Portable Mouse,Versatile use,6.07,921.46,PM00664,DM00122,SP00338
PR00277,Portable Gaming Chair,Ergonomic,8.94,650.52,PM00196,DM00890,SP00987
PR00278,Ultra-Light External Hard Drive,Energy efficient,10,389.23,PM00606,DM00448,SP00788
PR00279,Magnetic Laptop,Energy efficient,15.27,472.56,PM00321,DM00971,SP00815
PR00280,Ultra Recorder,Compact design,11.05,724.3,PM00643,DM00632,SP00495
PR00281,Slim Power Bank,Eco-friendly,19.34,365.66,PM00648,DM00153,SP00510
PR00282,Rugged Smart Speaker,Eco-friendly,8.78,510.4,PM00886,DM00572,SP00851
PR00283,Foldable eReader,Eco-friendly,3.82,523.51,PM00690,DM00898,SP00700
PR00284,Smart Headphones,User-friendly,15.9,687.22,PM00842,DM00957,SP00291
PR00285,Lite Router,Energy efficient,4.1,805.24,PM00449,DM00966,SP00895
PR00286,Premium Printer,User-friendly,9.92,336.15,PM00325,DM00533,SP00017
PR00287,SE Router,Versatile use,5.77,820,PM00611,DM00106,SP00717
PR00288,Ultra Tablet,Durable,11.45,894.32,PM00811,DM00298,SP00129
PR00289,Magnetic Drone,Innovative technology,19.48,656.67,PM00540,DM00981,SP00149
PR00290,Ultra-Light Smartwatch,Versatile use,4.14,309.33,PM00616,DM00664,SP00586
PR00291,SD eReader,Sleek and modern,14.68,869.3,PM00058,DM00043,SP00850
PR00292,Rugged Gaming Chair,Energy efficient,7.35,997.9,PM00436,DM00188,SP00523
PR00293,Premium Action Cam,Durable,13.38,524.96,PM00677,DM00870,SP00077
PR00294,High-Resolution Console,Sleek and modern,5.55,441.4,PM00625,DM00012,SP00439
PR00295,Compact Desk Lamp,Innovative technology,4.41,929.72,PM00531,DM00829,SP00460
PR00296,Portable VR Headset,Eco-friendly,13.81,554.68,PM00524,DM00237,SP00488
PR00297,Pro Power Bank,High quality,2.24,166.63,PM00880,DM00176,SP00716
PR00298,Heavy-Duty Action Cam,High quality,17.57,274.91,PM00671,DM00243,SP00264
PR00299,Magnetic Printer,Durable,14.37,611.72,PM00493,DM00095,SP00013
PR00300,Foldable Keyboard,Durable,6.79,770.55,PM00547,DM00434,SP00188
PR00301,Ultra-Light Tablet,Ergonomic,19.49,44.5,PM00312,DM00308,SP00662
PR00302,Waterproof Nintendo,Energy efficient,0.76,579.16,PM00906,DM00511,SP00349
PR00303,Pro VR Headset,Sleek and modern,5.84,683.28,PM00265,DM00028,SP00737
PR00304,Ergonomic Gaming Chair,Compact design,4.38,740.02,PM00723,DM00775,SP00874
PR00305,Portable Tablet,High quality,5.87,18.69,PM00246,DM00690,SP00194
PR00306,Budget Mouse,High quality,3.91,764.51,PM00370,DM00819,SP00836
PR00307,Slim Mouse,Sleek and modern,17.66,393.89,PM00017,DM00736,SP00772
PR00308,Wireless Desk Lamp,Compact design,17.68,228.77,PM00132,DM00608,SP00012
PR00309,Slim Smart Speaker,Versatile use,19.38,536.03,PM00807,DM00569,SP00958
PR00310,Solar Tablet,Durable,11.36,797.6,PM00400,DM00536,SP00660
PR00311,AI-Powered Printer,Energy efficient,0.75,696.35,PM00702,DM00648,SP00394
PR00312,Foldable VR Headset,Eco-friendly,18.85,125.87,PM00417,DM00758,SP00618
PR00313,Foldable Monitor,Energy efficient,10.31,283.17,PM00733,DM00145,SP00326
PR00314,Ergonomic Drone,Versatile use,13.29,565.33,PM00859,DM00772,SP00576
PR00315,Heavy-Duty Desk Lamp,Innovative technology,10.56,293.73,PM00955,DM00919,SP00853
PR00316,Wireless Smart Speaker,Sleek and modern,1.69,821.09,PM00723,DM00358,SP00286
PR00317,Compact Smartphone,Innovative technology,14.77,524.04,PM00452,DM00467,SP00465
PR00318,Budget Gaming Chair,Energy efficient,13.95,65.2,PM00345,DM00607,SP00614
PR00319,Lite Desk Lamp,Eco-friendly,14.34,290.97,PM00206,DM00494,SP00472
PR00320,SD Action Cam,Durable,4.93,336.17,PM00905,DM00333,SP00041
PR00321,Smart Recorder,Durable,7.46,686.28,PM00457,DM00392,SP00548
PR00322,Noise-Cancelling Recorder,Sleek and modern,10.25,350.05,PM00879,DM00279,SP00016
PR00323,Gaming Gaming Chair,Ergonomic,19.08,709.68,PM00528,DM00387,SP00638
PR00324,SE Gaming Chair,Sleek and modern,9.46,29.39,PM00728,DM00086,SP00188
PR00325,SE Keyboard,Compact design,1.87,118.96,PM00037,DM00127,SP00540
PR00326,Lite Smartwatch,Innovative technology,9.13,425.54,PM00815,DM00706,SP00211
PR00327,SE Keyboard,High quality,9.44,379.53,PM00025,DM00097,SP00515
PR00328,Multi-Function Smart Glasses,Innovative technology,7.72,921.17,PM00739,DM00069,SP00557
PR00329,Touch Power Bank,Versatile use,8.65,893.61,PM00149,DM00236,SP00453
PR00330,Rugged eReader,Ergonomic,19.47,88.86,PM00646,DM00881,SP00679
PR00331,Ultra Power Bank,User-friendly,0.86,311.42,PM00868,DM00959,SP00356
PR00332,Gaming Smartwatch,High quality,18.72,144.43,PM00693,DM00846,SP00109
PR00333,Magnetic Router,Energy efficient,20,273.2,PM00424,DM00805,SP00011
PR00334,Noise-Cancelling Power Bank,High quality,4.15,353.66,PM00162,DM00177,SP00592
PR00335,Rugged Laptop,Sleek and modern,17.54,835.27,PM00481,DM00946,SP00516
PR00336,Touch Fitness Tracker,Energy efficient,11.79,481.53,PM00974,DM00039,SP00697
PR00337,High-Speed Camera,Innovative technology,17.06,115.53,PM00023,DM00342,SP00208
PR00338,Ultra Action Cam,Sleek and modern,17.57,546.36,PM00917,DM00701,SP00988
PR00339,Dual-Screen Smart Glasses,Eco-friendly,10.8,349.63,PM00718,DM00092,SP00441
PR00340,Solar Monitor,User-friendly,17.37,579.2,PM00221,DM00385,SP00882
PR00341,Compact Camera,Ergonomic,14.33,263,PM00341,DM00230,SP00327
PR00342,Foldable Power Bank,Ergonomic,4.11,396.52,PM00306,DM00454,SP00857
PR00343,Pro Smart Speaker,High quality,4.95,75.53,PM00311,DM00321,SP00125
PR00344,Gaming Smart Speaker,Sleek and modern,18.45,990.93,PM00464,DM00624,SP00091
PR00345,Foldable Keyboard,Versatile use,2.41,403.67,PM00385,DM00374,SP00627
PR00346,Dual-Screen VR Headset,Innovative technology,5.19,333.94,PM00617,DM00982,SP00911
PR00347,Heavy-Duty Monitor,High quality,18.19,586.49,PM00324,DM00955,SP00816
PR00348,Premium Earbuds,Innovative technology,11.23,99.97,PM00424,DM00841,SP00090
PR00349,Sleek VR Headset,Innovative technology,15.25,258.33,PM00957,DM00859,SP00031
PR00350,Ultra-Light Router,Innovative technology,11.56,68.23,PM00338,DM00281,SP00016
PR00351,Ergonomic Desk Lamp,Durable,11.34,465.66,PM00789,DM00646,SP00009
PR00352,Slim Smartwatch,Ergonomic,1.03,426.73,PM00273,DM00930,SP00690
PR00353,Lite VR Headset,User-friendly,11.15,674.24,PM00648,DM00653,SP00831
PR00354,Wireless Desk Lamp,User-friendly,9.22,301.76,PM00602,DM00302,SP00220
PR00355,AI-Powered Recorder,Eco-friendly,8.03,587.75,PM00261,DM00951,SP00109
PR00356,Portable Drone,Compact design,0.85,854.51,PM00095,DM00473,SP00837
PR00357,Premium Recorder,User-friendly,15.7,297.39,PM00079,DM00187,SP00659
PR00358,SE eReader,Innovative technology,0.98,431.5,PM00161,DM00008,SP00071
PR00359,High-Performance Earbuds,High quality,11.31,212.93,PM00513,DM00409,SP00486
PR00360,HD Mouse,User-friendly,12.7,536.25,PM00455,DM00150,SP00765
PR00361,Gaming Power Bank,Compact design,8.23,654.58,PM00704,DM00206,SP00693
PR00362,Multi-Function Camera,Versatile use,12.85,62.34,PM00422,DM00373,SP00448
PR00363,Solar Headphones,Sleek and modern,14.53,828.17,PM00212,DM00125,SP00043
PR00364,Ultra-Light Laptop,Eco-friendly,16.78,411.14,PM00998,DM00705,SP00672
PR00365,Pro Power Bank,Durable,6.92,434.6,PM00006,DM00662,SP00347
PR00366,High-Performance eReader,Ergonomic,13.13,398.93,PM00147,DM00976,SP00437
PR00367,Premium Tablet,Ergonomic,12.04,156.78,PM00983,DM00197,SP00808
PR00368,Touch Smart Speaker,Ergonomic,5.38,89.5,PM00762,DM00457,SP00474
PR00369,Slim Desk Lamp,Versatile use,15.18,19.51,PM00855,DM00610,SP00512
PR00370,Sleek Console,Sleek and modern,4.63,188.83,PM00168,DM00970,SP00892
PR00371,Multi-Function Smartwatch,Durable,11.76,148.01,PM00933,DM00917,SP00529
PR00372,Portable Smart Glasses,User-friendly,15.89,199.37,PM00926,DM00518,SP00552
PR00373,High-Performance Earbuds,Durable,1.65,253.23,PM00382,DM00629,SP00736
PR00374,Smart Headphones,Compact design,18.57,797.98,PM00018,DM00922,SP00177
PR00375,Mini Drone,Versatile use,9.7,887.8,PM00341,DM00866,SP00732
PR00376,Budget Gaming Chair,Energy efficient,15.86,714.47,PM00048,DM00055,SP00020
PR00377,Premium Drone,Energy efficient,10.13,575.82,PM00722,DM00944,SP00601
PR00378,Premium Power Bank,Compact design,11.92,758.73,PM00767,DM00270,SP00264
PR00379,Vintage Camera,Sleek and modern,6.97,627.78,PM00937,DM00513,SP00181
PR00380,Eco Tablet,Compact design,9.71,920.91,PM00467,DM00993,SP00020
PR00381,Multi-Function Camera,Sleek and modern,12.69,523.79,PM00601,DM00009,SP00979
PR00382,Magnetic Power Bank,Durable,18.99,380.22,PM00439,DM00916,SP00779
PR00383,Retro Recorder,User-friendly,15.34,227.09,PM00923,DM00780,SP00253
PR00384,Smart Drone,High quality,0.62,882.79,PM00418,DM00739,SP00692
PR00385,AI-Powered Laptop,User-friendly,17.32,696.08,PM00850,DM00114,SP00730
PR00386,Budget Laptop,High quality,16.87,401.27,PM00305,DM00264,SP00831
PR00387,Portable Console,Versatile use,7.85,206.93,PM00622,DM00681,SP00293
PR00388,Budget Gaming Chair,Durable,8.95,877.43,PM00603,DM00816,SP00001
PR00389,Rugged Smartphone,User-friendly,7.55,752.04,PM00580,DM00792,SP00925
PR00390,Noise-Cancelling eReader,Versatile use,3.03,114.04,PM00045,DM00193,SP00438
PR00391,Portable eReader,Versatile use,3.64,182.58,PM00474,DM00554,SP00622
PR00392,Touch Smartphone,Compact design,16.07,280.13,PM00392,DM00840,SP00336
PR00393,Solar Fitness Tracker,High quality,16.68,784.47,PM00924,DM00477,SP00623
PR00394,Heavy-Duty Earbuds,Versatile use,3.69,821.29,PM00235,DM00588,SP00154
PR00395,Solar Drone,Innovative technology,12.43,941.66,PM00864,DM00336,SP00504
PR00396,AI-Powered Console,Sleek and modern,12.87,951.77,PM00580,DM00232,SP00875
PR00397,Heavy-Duty Laptop,Versatile use,4.41,119.44,PM00978,DM00625,SP00785
PR00398,Magnetic Drone,Sleek and modern,11.69,489.65,PM00855,DM00710,SP00079
PR00399,Advanced Smart Glasses,Innovative technology,16.06,150.71,PM00179,DM00327,SP00040
PR00400,SD Smart Glasses,Ergonomic,11.34,376.51,PM00638,DM00644,SP00008
PR00401,Heavy-Duty Fitness Tracker,Eco-friendly,4.85,825.69,PM00807,DM00804,SP00945
PR00402,SD Console,High quality,1.12,737.02,PM00571,DM00621,SP00754
PR00403,HD Smartphone,Sleek and modern,13.97,964.5,PM00324,DM00604,SP00668
PR00404,Compact Printer,High quality,11.51,457.47,PM00692,DM00990,SP00741
PR00405,Heavy-Duty Drone,Versatile use,18.67,305.07,PM00160,DM00216,SP00859
PR00406,SD Headphones,Innovative technology,6.56,510.38,PM00325,DM00793,SP00581
PR00407,Smart Drone,Innovative technology,9.45,176.41,PM00875,DM00670,SP00645
PR00408,Sleek Nintendo,Sleek and modern,5.2,603.57,PM00040,DM00412,SP00887
PR00409,AI-Powered Smartwatch,User-friendly,16.38,690.89,PM00835,DM00288,SP00466
PR00410,Multi-Function Monitor,Innovative technology,2.81,863.41,PM00405,DM00523,SP00326
PR00411,Heavy-Duty Drone,Energy efficient,6.38,911,PM00977,DM00486,SP00685
PR00412,Magnetic Earbuds,High quality,2.98,151.88,PM00895,DM00464,SP00032
PR00413,High-Speed Smartphone,User-friendly,16.41,291.36,PM00491,DM00233,SP00133
PR00414,Vintage Camera,Durable,4.38,336.22,PM00488,DM00085,SP00928
PR00415,Lite Smartphone,Versatile use,12.09,553.68,PM00078,DM00812,SP00680
PR00416,Budget Laptop,Eco-friendly,17.93,728.59,PM00149,DM00850,SP00697
PR00417,Slim Router,Ergonomic,4.29,347.81,PM00052,DM00483,SP00361
PR00418,Slim Printer,Durable,15.25,25.87,PM00360,DM00073,SP00329
PR00419,High-Resolution Power Bank,Innovative technology,8.69,787.12,PM00604,DM00147,SP00286
PR00420,Eco Gaming Chair,High quality,12.36,903.39,PM00418,DM00750,SP00887
PR00421,Waterproof Nintendo,Compact design,17.52,531.7,PM00760,DM00597,SP00814
PR00422,Smart Drone,Energy efficient,19.16,265.72,PM00919,DM00227,SP00269
PR00423,Ultra-Light Smartphone,Energy efficient,4.79,804.88,PM00702,DM00262,SP00968
PR00424,Ergonomic Drone,Versatile use,18.96,156.68,PM00297,DM00452,SP00192
PR00425,Advanced eReader,Eco-friendly,8.53,508.7,PM00349,DM00462,SP00806
PR00426,Budget eReader,High quality,16.43,570.88,PM00804,DM00316,SP00059
PR00427,HD eReader,Durable,4.81,595.73,PM00272,DM00545,SP00036
PR00428,Wireless Router,High quality,2.81,987.38,PM00764,DM00322,SP00945
PR00429,Compact Router,Innovative technology,13.1,817.54,PM00813,DM00208,SP00115
PR00430,Eco Gaming Chair,Sleek and modern,18.52,258.2,PM00486,DM00355,SP00094
PR00431,High-Performance Nintendo,Innovative technology,13.83,243.44,PM00601,DM00934,SP00064
PR00432,Solar Keyboard,Eco-friendly,8.69,76.83,PM00913,DM00961,SP00488
PR00433,Sleek Headphones,Eco-friendly,10.73,746.42,PM00666,DM00717,SP00350
PR00434,Retro Tablet,User-friendly,8.38,452.56,PM00948,DM00142,SP00554
PR00435,Sleek External Hard Drive,Eco-friendly,7.5,54.3,PM00033,DM00779,SP00059
PR00436,Ultra Smart Speaker,Ergonomic,12.08,880.26,PM00781,DM00925,SP00472
PR00437,High-Performance Smartphone,Ergonomic,1.06,700.01,PM00702,DM00882,SP00873
PR00438,Solar Smartwatch,Ergonomic,10.74,396.94,PM00126,DM00589,SP00012
PR00439,HD Gaming Chair,Innovative technology,8.41,796.68,PM00311,DM00054,SP00735
PR00440,Ultra-Light Router,Versatile use,6.56,728.4,PM00819,DM00404,SP00269
PR00441,Retro Earbuds,User-friendly,17.56,506.7,PM00729,DM00258,SP00722
PR00442,Touch Router,Durable,15.19,877.52,PM00161,DM00942,SP00924
PR00443,Pro Action Cam,Durable,5.05,718.03,PM00365,DM00515,SP00224
PR00444,SE Smartwatch,Durable,6.64,52.85,PM00700,DM00331,SP00967
PR00445,Mini Gaming Chair,Innovative technology,19.49,724.41,PM00923,DM00585,SP00789
PR00446,Sleek External Hard Drive,Sleek and modern,6.08,728.51,PM00095,DM00063,SP00843
PR00447,Budget Desk Lamp,Ergonomic,14.85,95.71,PM00623,DM00173,SP00620
PR00448,Foldable Smartwatch,Compact design,8.29,309.53,PM00547,DM00798,SP00159
PR00449,SD Smart Glasses,Versatile use,8.42,562.41,PM00994,DM00269,SP00032
PR00450,Noise-Cancelling Mouse,Innovative technology,4.86,481.48,PM00096,DM00067,SP00953
PR00451,Touch Drone,Versatile use,18.78,754.16,PM00097,DM00389,SP00820
PR00452,Touch Action Cam,Innovative technology,11.44,987.74,PM00302,DM00277,SP00687
PR00453,Touch Earbuds,Compact design,18.09,759.9,PM00556,DM00129,SP00381
PR00454,Solar Smartphone,High quality,9.49,603.59,PM00439,DM00797,SP00012
PR00455,Touch Camera,User-friendly,7.97,392.56,PM00864,DM00301,SP00218
PR00456,Waterproof Gaming Chair,Versatile use,7.98,793.34,PM00967,DM00345,SP00798
PR00457,Gaming Monitor,Ergonomic,14.75,307.07,PM00749,DM00831,SP00552
PR00458,High-Speed Headphones,Durable,13.73,169.56,PM00491,DM00089,SP00078
PR00459,High-Performance Camera,Compact design,17.53,258.39,PM00825,DM00149,SP00953
PR00460,Budget Smart Glasses,High quality,1.16,669.8,PM00629,DM00263,SP00711
PR00461,High-Resolution Smartphone,High quality,4.27,96.57,PM00375,DM00713,SP00959
PR00462,Magnetic Keyboard,User-friendly,12.19,456.32,PM00643,DM00110,SP00447
PR00463,Portable Action Cam,High quality,12.66,426.83,PM00011,DM00764,SP00574
PR00464,Portable Gaming Chair,Ergonomic,16.42,414.21,PM00740,DM00535,SP00391
PR00465,Dual-Screen Smartwatch,User-friendly,9.79,706.91,PM00562,DM00657,SP00518
PR00466,High-Resolution Smartwatch,Eco-friendly,16.31,714.44,PM00724,DM00192,SP00085
PR00467,Premium Smart Glasses,Sleek and modern,4.04,989.29,PM00076,DM00777,SP00178
PR00468,Gaming Router,High quality,19.75,75.59,PM00893,DM00743,SP00495
PR00469,Smart Laptop,Energy efficient,19.53,230.21,PM00241,DM00704,SP00176
PR00470,Ultra Earbuds,Compact design,5.59,918.64,PM00684,DM00286,SP00467
PR00471,Magnetic Console,Ergonomic,11.09,90.68,PM00031,DM00194,SP00301
PR00472,Gaming Earbuds,Sleek and modern,3.69,988.89,PM00417,DM00892,SP00789
PR00473,Ultra Fitness Tracker,High quality,7.27,987.23,PM00515,DM00765,SP00648
PR00474,Sleek Drone,Sleek and modern,12.74,336.24,PM00485,DM00393,SP00120
PR00475,Noise-Cancelling Fitness Tracker,User-friendly,15.29,875.14,PM00725,DM00465,SP00124
PR00476,Gaming Desk Lamp,Versatile use,1.4,701.07,PM00504,DM00315,SP00045
PR00477,SE Smart Speaker,Sleek and modern,17.92,479.96,PM00354,DM00960,SP00993
PR00478,Compact Desk Lamp,Innovative technology,17.8,980.21,PM00966,DM00318,SP00387
PR00479,Ergonomic Drone,Versatile use,15.99,765.43,PM00057,DM00510,SP00802
PR00480,SE Action Cam,User-friendly,3.38,196.98,PM00176,DM00370,SP00367
PR00481,Rugged Monitor,Ergonomic,17.51,754.69,PM00915,DM00203,SP00313
PR00482,Sleek Action Cam,Sleek and modern,13.56,523.61,PM00151,DM00693,SP00872
PR00483,Ultra Action Cam,Durable,0.53,579.7,PM00403,DM00191,SP00102
PR00484,Advanced Monitor,Versatile use,7.67,989.62,PM00359,DM00224,SP00132
PR00485,Premium Smart Glasses,Durable,11.06,886.29,PM00162,DM00615,SP00109
PR00486,Foldable Drone,Durable,0.67,185.64,PM00854,DM00425,SP00796
PR00487,SE Power Bank,User-friendly,8.46,477.34,PM00291,DM00498,SP00832
PR00488,Wireless Smart Glasses,Versatile use,12.25,832.03,PM00522,DM00482,SP00245
PR00489,Vintage Recorder,Compact design,5.01,675.5,PM00433,DM00252,SP00550
PR00490,AI-Powered Smartwatch,High quality,3.13,685.25,PM00720,DM00766,SP00012
PR00491,High-Speed Smartphone,Innovative technology,16.72,910.44,PM00927,DM00913,SP00969
PR00492,Heavy-Duty Laptop,Sleek and modern,16.53,364.67,PM00820,DM00800,SP00216
PR00493,Solar Camera,Sleek and modern,6.92,75.65,PM00018,DM00543,SP00173
PR00494,Ultra-Light Earbuds,Ergonomic,0.64,644.86,PM00777,DM00822,SP00747
PR00495,Magnetic Smart Glasses,High quality,4.83,55.5,PM00766,DM00379,SP00783
PR00496,Advanced eReader,Innovative technology,9.23,376.17,PM00458,DM00500,SP00633
PR00497,Lite VR Headset,Eco-friendly,10.75,906.2,PM00847,DM00910,SP00375
PR00498,Portable Smartphone,Eco-friendly,3.35,778.72,PM00400,DM00002,SP00244
PR00499,Multi-Function Desk Lamp,Ergonomic,11.24,840.45,PM00984,DM00874,SP00729
PR00500,Smart Gaming Chair,Compact design,17.47,312.12,PM00030,DM00849,SP00974
PR00501,Ergonomic Router,Compact design,19.05,624.25,PM00877,DM00210,SP00355
PR00502,Dual-Screen Smart Speaker,Energy efficient,5.05,49.05,PM00137,DM00606,SP00322
PR00503,Wireless Gaming Chair,Eco-friendly,4.59,411.37,PM00329,DM00771,SP00304
PR00504,Noise-Cancelling Gaming Chair,Eco-friendly,16.59,794.03,PM00925,DM00347,SP00338
PR00505,High-Resolution Desk Lamp,Compact design,17.96,764.13,PM00843,DM00048,SP00061
PR00506,Foldable eReader,Compact design,6.74,872.54,PM00190,DM00172,SP00569
PR00507,High-Speed External Hard Drive,Versatile use,12.84,58.13,PM00578,DM00463,SP00651
PR00508,Lite Monitor,User-friendly,11.26,548.96,PM00487,DM00724,SP00602
PR00509,Gaming Smartwatch,Versatile use,4.71,343.38,PM00621,DM00479,SP00079
PR00510,Retro Desk Lamp,High quality,18.6,211.2,PM00473,DM00027,SP00296
PR00511,Foldable Router,High quality,15.01,190.87,PM00494,DM00673,SP00152
PR00512,HD VR Headset,Sleek and modern,5.33,321.55,PM00542,DM00578,SP00712
PR00513,SD Power Bank,Sleek and modern,9.03,987.01,PM00559,DM00280,SP00344
PR00514,SE Power Bank,Energy efficient,19.33,102.95,PM00073,DM00094,SP00597
PR00515,SD Router,User-friendly,15.12,142.55,PM00003,DM00502,SP00886
PR00516,SE Nintendo,Eco-friendly,16.84,91.84,PM00021,DM00319,SP00299
PR00517,Ultra Fitness Tracker,Innovative technology,17.92,217.9,PM00807,DM00586,SP00998
PR00518,Dual-Screen Drone,High quality,18.06,872.55,PM00631,DM00943,SP00883
PR00519,Solar Printer,Durable,17.2,150.04,PM00031,DM00666,SP00395
PR00520,Budget Printer,Sleek and modern,0.74,29.57,PM00932,DM00401,SP00586
PR00521,Mini Fitness Tracker,High quality,16.73,47.74,PM00815,DM00388,SP00741
PR00522,Portable Nintendo,Versatile use,8.95,714.7,PM00642,DM00719,SP00018
PR00523,Premium Desk Lamp,Sleek and modern,3.26,535.7,PM00333,DM00075,SP00846
PR00524,Ergonomic Nintendo,Compact design,1.89,356.92,PM00601,DM00433,SP00591
PR00525,Pro Gaming Chair,Compact design,1.61,809.21,PM00928,DM00076,SP00512
PR00526,Lite External Hard Drive,Innovative technology,15.64,101.55,PM00886,DM00856,SP00764
PR00527,Solar Earbuds,Eco-friendly,13.98,447.29,PM00425,DM00451,SP00345
PR00528,Vintage VR Headset,Eco-friendly,17.84,413.99,PM00170,DM00026,SP00965
PR00529,Rugged Headphones,Ergonomic,2.49,984.59,PM00218,DM00430,SP00419
PR00530,Waterproof Fitness Tracker,High quality,5.73,430.78,PM00285,DM00921,SP00571
PR00531,SD VR Headset,Durable,8.13,46.76,PM00691,DM00306,SP00848
PR00532,Magnetic Fitness Tracker,Sleek and modern,6.44,886.52,PM00619,DM00847,SP00412
PR00533,High-Resolution Desk Lamp,Eco-friendly,15.61,573.16,PM00477,DM00195,SP00411
PR00534,Dual-Screen Smartphone,Durable,1.52,991.86,PM00256,DM00631,SP00896
PR00535,Pro eReader,Innovative technology,19.14,442.75,PM00580,DM00162,SP00852
PR00536,High-Speed Smartphone,High quality,15.82,966.18,PM00136,DM00556,SP00530
PR00537,Premium Laptop,Compact design,13.79,936.8,PM00595,DM00428,SP00307
PR00538,Dual-Screen Smartphone,Energy efficient,18.6,948.65,PM00243,DM00999,SP00116
PR00539,High-Speed Gaming Chair,User-friendly,8.63,556.77,PM00802,DM00400,SP00785
PR00540,Smart External Hard Drive,Compact design,1.37,947.47,PM00573,DM00352,SP00091
PR00541,Ultra-Light Printer,Innovative technology,17.13,164.41,PM00408,DM00123,SP00447
PR00542,Mini Router,Eco-friendly,1.18,825.25,PM00475,DM00284,SP00809
PR00543,Compact Smartphone,Innovative technology,1.8,620.32,PM00403,DM00802,SP00844
PR00544,Waterproof Router,Innovative technology,17.54,331.48,PM00809,DM00310,SP00217
PR00545,Wireless Monitor,High quality,6.18,455.23,PM00425,DM00698,SP00403
PR00546,Pro Tablet,Ergonomic,18.27,572.28,PM00174,DM00540,SP00644
PR00547,Ergonomic eReader,Versatile use,3.98,598.18,PM00574,DM00478,SP00806
PR00548,Budget Router,User-friendly,13.08,72.31,PM00299,DM00353,SP00664
PR00549,Waterproof Keyboard,Ergonomic,11.15,89.98,PM00789,DM00132,SP00913
PR00550,Ultra Headphones,Versatile use,12.12,226.15,PM00348,DM00016,SP00358
PR00551,HD Keyboard,Compact design,6.3,736.67,PM00142,DM00716,SP00223
PR00552,Mini Smart Glasses,Compact design,5.71,199.41,PM00791,DM00047,SP00424
PR00553,Multi-Function Mouse,Ergonomic,3.49,961.04,PM00228,DM00733,SP00443
PR00554,Ergonomic Drone,Innovative technology,12.84,146.44,PM00048,DM00368,SP00342
PR00555,Smart Smart Speaker,Energy efficient,3.9,401.54,PM00721,DM00118,SP00284
PR00556,Solar Smart Glasses,User-friendly,6.85,921.91,PM00161,DM00552,SP00169
PR00557,Lite Action Cam,Ergonomic,6.82,866.58,PM00720,DM00964,SP00530
PR00558,Ultra-Light Smart Speaker,Eco-friendly,19.6,694.56,PM00458,DM00769,SP00177
PR00559,Vintage VR Headset,Eco-friendly,8.92,919.87,PM00609,DM00102,SP00524
PR00560,Mini Gaming Chair,Versatile use,6.87,608.26,PM00590,DM00983,SP00625
PR00561,Touch Laptop,Compact design,15.94,831.6,PM00098,DM00768,SP00408
PR00562,Dual-Screen Headphones,Energy efficient,0.52,500.53,PM00470,DM00549,SP00039
PR00563,Smart VR Headset,High quality,7.97,247.39,PM00684,DM00647,SP00561
PR00564,Magnetic Keyboard,Eco-friendly,13.98,839.54,PM00874,DM00810,SP00836
PR00565,Ultra-Light Camera,Versatile use,15.76,16.56,PM00838,DM00443,SP00223
PR00566,Lite Smart Speaker,Durable,2.53,813.71,PM00455,DM00257,SP00281
PR00567,Vintage Monitor,High quality,18.72,832.06,PM00662,DM00234,SP00937
PR00568,Magnetic Smart Glasses,User-friendly,16,190.94,PM00448,DM00386,SP00418
PR00569,High-Speed VR Headset,Versatile use,9.15,382.95,PM00821,DM00325,SP00521
PR00570,Foldable Router,Eco-friendly,1.69,32.32,PM00799,DM00677,SP00651
PR00571,Heavy-Duty Camera,Ergonomic,14.62,475.85,PM00337,DM00616,SP00231
PR00572,High-Resolution Gaming Chair,High quality,8.26,128.11,PM00856,DM00140,SP00320
PR00573,Magnetic Recorder,Versatile use,11.15,449.94,PM00972,DM00014,SP00597
PR00574,Sleek Keyboard,High quality,13.21,317.24,PM00389,DM00915,SP00551
PR00575,Retro Camera,High quality,13.78,518.26,PM00587,DM00458,SP00593
PR00576,SE Gaming Chair,Versatile use,8.73,503.72,PM00758,DM00030,SP00309
PR00577,Smart Console,Sleek and modern,16.71,116.35,PM00264,DM00941,SP00715
PR00578,Ultra-Light Camera,User-friendly,1,934.3,PM00634,DM00394,SP00453
PR00579,Waterproof Keyboard,High quality,19.73,533.94,PM00255,DM00148,SP00951
PR00580,Foldable Action Cam,Innovative technology,2,739.84,PM00269,DM00598,SP00411
PR00581,Magnetic Drone,Compact design,6.88,377.75,PM00756,DM00590,SP00180
PR00582,HD Console,User-friendly,4.35,755.93,PM00819,DM00060,SP00082
PR00583,Vintage Smartphone,User-friendly,17.16,695.47,PM00243,DM00376,SP00230
PR00584,Mini Fitness Tracker,Compact design,18.98,793.26,PM00339,DM00219,SP00752
PR00585,Advanced Smart Glasses,Eco-friendly,2.81,36.46,PM00986,DM00417,SP00730
PR00586,Smart Nintendo,Durable,9.27,453.63,PM00533,DM00732,SP00295
PR00587,Wireless Earbuds,Eco-friendly,9.59,111.95,PM00527,DM00059,SP00060
PR00588,Multi-Function Mouse,Compact design,18.03,149.98,PM00169,DM00799,SP00857
PR00589,Portable Monitor,Eco-friendly,2.71,514.19,PM00281,DM00571,SP00742
PR00590,High-Performance Smart Speaker,Ergonomic,11.64,192.87,PM00670,DM00636,SP00593
PR00591,High-Speed Nintendo,Durable,18.06,449.73,PM00114,DM00413,SP00626
PR00592,Rugged Recorder,Compact design,6.56,96.48,PM00121,DM00639,SP00235
PR00593,Ergonomic Smartwatch,Compact design,6.83,419.02,PM00258,DM00679,SP00301
PR00594,High-Performance Fitness Tracker,Versatile use,17.47,107.08,PM00060,DM00551,SP00095
PR00595,Heavy-Duty Earbuds,Durable,6.91,916.99,PM00384,DM00548,SP00482
PR00596,High-Speed Gaming Chair,User-friendly,2.95,73.96,PM00422,DM00757,SP00224
PR00597,High-Performance Camera,High quality,7.45,396.05,PM00093,DM00595,SP00272
PR00598,Magnetic eReader,Ergonomic,18.65,806.83,PM00049,DM00057,SP00404
PR00599,Solar Nintendo,High quality,17.57,390.22,PM00634,DM00007,SP00420
PR00600,Advanced Headphones,Energy efficient,16.49,121.13,PM00014,DM00445,SP00453
PR00601,Slim Earbuds,Sleek and modern,0.92,168.23,PM00927,DM00339,SP00121
PR00602,High-Resolution Camera,Eco-friendly,12.81,734.74,PM00500,DM00474,SP00212
PR00603,Foldable Desk Lamp,Compact design,15.73,284.09,PM00133,DM00362,SP00687
PR00604,Touch Smartwatch,High quality,14.49,990.59,PM00282,DM00680,SP00946
PR00605,Touch Desk Lamp,User-friendly,4.12,871.21,PM00105,DM00250,SP00411
PR00606,Smart Smart Glasses,Durable,11.82,427.3,PM00512,DM00093,SP00673
PR00607,Pro Smartphone,Sleek and modern,8.57,966.04,PM00423,DM00273,SP00206
PR00608,Mini Smart Glasses,Innovative technology,6.88,432.73,PM00002,DM00289,SP00845
PR00609,Sleek Keyboard,Durable,8.71,947.24,PM00834,DM00251,SP00520
PR00610,Wireless Camera,Durable,7.63,801.2,PM00849,DM00101,SP00549
PR00611,Waterproof External Hard Drive,Energy efficient,17.48,254.58,PM00164,DM00517,SP00700
PR00612,Retro Earbuds,Innovative technology,5.82,499.27,PM00820,DM00582,SP00985
PR00613,Advanced Smart Glasses,Versatile use,8.17,864.66,PM00238,DM00201,SP00427
PR00614,SD External Hard Drive,Ergonomic,17.9,230.26,PM00487,DM00911,SP00883
PR00615,Advanced Smartwatch,Innovative technology,16.55,99.55,PM00311,DM00814,SP00031
PR00616,Multi-Function Earbuds,User-friendly,14.65,87.09,PM00739,DM00361,SP00034
PR00617,Touch Headphones,High quality,9.08,207.77,PM00699,DM00936,SP00055
PR00618,Multi-Function Keyboard,Energy efficient,9.41,541.8,PM00915,DM00268,SP00480
PR00619,Pro Router,Durable,9.87,627.16,PM00020,DM00189,SP00424
PR00620,AI-Powered External Hard Drive,Energy efficient,2.98,341.29,PM00583,DM00103,SP00750
PR00621,Smart Smartwatch,Durable,6.08,974.1,PM00866,DM00004,SP00031
PR00622,Touch Laptop,Compact design,12.7,656.08,PM00832,DM00485,SP00799
PR00623,Eco Action Cam,Ergonomic,13.92,531.63,PM00270,DM00481,SP00660
PR00624,Budget Drone,Versatile use,3.56,614.92,PM00198,DM00402,SP00953
PR00625,Mini Action Cam,User-friendly,16.1,853.34,PM00691,DM00696,SP00447
PR00626,Pro Keyboard,Durable,4.35,903.83,PM00645,DM00614,SP00948
PR00627,Waterproof VR Headset,User-friendly,11.02,476.57,PM00796,DM00987,SP00771
PR00628,Ultra Drone,Compact design,19.6,728.56,PM00163,DM00242,SP00189
PR00629,Rugged Smart Glasses,Compact design,8.63,507.68,PM00367,DM00676,SP00608
PR00630,Budget eReader,Eco-friendly,2.09,873.39,PM00763,DM00940,SP00356
PR00631,Ultra External Hard Drive,Innovative technology,3.81,665.05,PM00654,DM00212,SP00263
PR00632,SE Power Bank,Energy efficient,4.18,532.5,PM00139,DM00248,SP00698
PR00633,Heavy-Duty Printer,Compact design,1.07,948.01,PM00116,DM00553,SP00565
PR00634,Heavy-Duty VR Headset,Sleek and modern,5.97,794.8,PM00007,DM00045,SP00338
PR00635,Retro Action Cam,Innovative technology,7.6,224.49,PM00361,DM00728,SP00363
PR00636,Waterproof Earbuds,Compact design,5.88,408.31,PM00582,DM00668,SP00220
PR00637,Ergonomic Smart Speaker,User-friendly,2.83,407.84,PM00359,DM00159,SP00683
PR00638,Foldable Recorder,User-friendly,3.04,444.56,PM00593,DM00488,SP00227
PR00639,SD Console,Durable,17.51,627.95,PM00347,DM00011,SP00382
PR00640,Waterproof Nintendo,Durable,8.8,534.47,PM00443,DM00862,SP00384
PR00641,Solar Drone,High quality,2.45,533.68,PM00900,DM00231,SP00384
PR00642,Sleek Nintendo,High quality,3.42,142.11,PM00038,DM00997,SP00963
PR00643,Smart Laptop,Ergonomic,17.87,118.32,PM00165,DM00974,SP00796
PR00644,Slim Console,Sleek and modern,18.25,122.85,PM00648,DM00695,SP00899
PR00645,Wireless Laptop,High quality,16.93,456.91,PM00432,DM00731,SP00681
PR00646,Eco External Hard Drive,Innovative technology,11.21,391.8,PM00048,DM00969,SP00007
PR00647,Portable Drone,User-friendly,5.67,756.13,PM00727,DM00813,SP00309
PR00648,Gaming Power Bank,High quality,16.19,89.71,PM00600,DM00503,SP00546
PR00649,Budget Recorder,Durable,1.8,434.3,PM00833,DM00343,SP00127
PR00650,Wireless Smart Speaker,Energy efficient,2.06,542.73,PM00899,DM00061,SP00271
PR00651,Lite Smartwatch,High quality,5.93,539.96,PM00635,DM00022,SP00736
PR00652,Mini Headphones,Eco-friendly,10.14,789.78,PM00700,DM00183,SP00002
PR00653,Wireless Smartphone,User-friendly,17.19,100.97,PM00442,DM00667,SP00300
PR00654,HD Console,Energy efficient,14.29,196.88,PM00086,DM00240,SP00273
PR00655,High-Speed eReader,Innovative technology,8.61,331.84,PM00550,DM00544,SP00270
PR00656,Compact Gaming Chair,Eco-friendly,11.01,525.52,PM00872,DM00403,SP00872
PR00657,Lite Tablet,Innovative technology,3.29,220.64,PM00746,DM00714,SP00019
PR00658,Magnetic Printer,User-friendly,10.39,71.04,PM00035,DM00761,SP00113
PR00659,Foldable Desk Lamp,Durable,2.69,621.73,PM00398,DM00491,SP00338
PR00660,Foldable Camera,Energy efficient,3.43,826.82,PM00395,DM00295,SP00910
PR00661,Foldable Keyboard,Durable,18,347.49,PM00684,DM00561,SP00072
PR00662,Retro Recorder,Durable,5.66,366.88,PM00489,DM00864,SP00961
PR00663,Mini Mouse,Durable,15.13,304.86,PM00152,DM00995,SP00021
PR00664,HD Monitor,High quality,7.18,937.69,PM00928,DM00558,SP00289
PR00665,Portable Earbuds,Innovative technology,12.9,812.7,PM00074,DM00811,SP00345
PR00666,Slim Desk Lamp,Ergonomic,4.62,521.51,PM00794,DM00229,SP00669
PR00667,High-Performance External Hard Drive,High quality,14.58,501.91,PM00862,DM00530,SP00745
PR00668,Touch Power Bank,Sleek and modern,15.66,968.86,PM00448,DM00174,SP00979
PR00669,Heavy-Duty Earbuds,High quality,19.21,976.56,PM00515,DM00260,SP00906
PR00670,Eco Gaming Chair,High quality,19.23,634.83,PM00653,DM00991,SP00807
PR00671,Wireless Printer,Ergonomic,9.59,33.63,PM00586,DM00218,SP00752
PR00672,Gaming Router,Versatile use,18.16,430.54,PM00989,DM00715,SP00712
PR00673,Wireless Tablet,Sleek and modern,13.65,859.8,PM00484,DM00888,SP00760
PR00674,Portable Smart Speaker,Energy efficient,13.44,845.8,PM00094,DM00441,SP00889
PR00675,SE Fitness Tracker,Eco-friendly,13.2,588.54,PM00885,DM00938,SP00678
PR00676,SD Power Bank,Compact design,9.33,704.91,PM00493,DM00641,SP00790
PR00677,Gaming Drone,Eco-friendly,10.53,118.71,PM00231,DM00824,SP00712
PR00678,SE Mouse,Versatile use,14.5,296.38,PM00343,DM00071,SP00810
PR00679,Gaming Fitness Tracker,Sleek and modern,8.37,581.57,PM00579,DM00037,SP00422
PR00680,HD Drone,Sleek and modern,4.7,761.15,PM00752,DM00825,SP00963
PR00681,Eco Smartwatch,Ergonomic,8.54,590.54,PM00529,DM00873,SP00038
PR00682,Noise-Cancelling Tablet,High quality,12.29,738.58,PM00988,DM00117,SP00539
PR00683,Budget Mouse,Durable,9.63,421.05,PM00547,DM00584,SP00362
PR00684,Dual-Screen Drone,Sleek and modern,11.54,648.94,PM00467,DM00688,SP00943
PR00685,Portable Camera,Durable,8.34,517.97,PM00282,DM00378,SP00388
PR00686,Advanced Gaming Chair,User-friendly,0.69,367.14,PM00350,DM00254,SP00944
PR00687,Foldable Mouse,Ergonomic,4.35,894.4,PM00433,DM00998,SP00905
PR00688,Gaming Monitor,Ergonomic,19.44,485.17,PM00646,DM00365,SP00667
PR00689,SD Printer,Compact design,14.22,654.44,PM00496,DM00977,SP00707
PR00690,Wireless Action Cam,Compact design,2.28,812.16,PM00231,DM00754,SP00196
PR00691,Retro Keyboard,Compact design,13.72,150.13,PM00280,DM00190,SP00294
PR00692,Premium Console,High quality,0.58,870.94,PM00178,DM00296,SP00307
PR00693,Vintage Recorder,Innovative technology,5.55,214.26,PM00128,DM00642,SP00763
PR00694,High-Performance Tablet,Sleek and modern,10.25,620.94,PM00297,DM00900,SP00593
PR00695,Dual-Screen Recorder,High quality,6.08,23.66,PM00257,DM00794,SP00570
PR00696,Ultra Mouse,Durable,11.08,217.77,PM00192,DM00897,SP00148
PR00697,Mini Fitness Tracker,Innovative technology,12.98,730.08,PM00909,DM00541,SP00246
PR00698,Magnetic Fitness Tracker,Eco-friendly,10.19,776.77,PM00187,DM00992,SP00800
PR00699,AI-Powered Smartphone,Innovative technology,15.14,377.96,PM00855,DM00905,SP00611
PR00700,Dual-Screen Router,Sleek and modern,11.34,563.98,PM00968,DM00547,SP00889
PR00701,Rugged Headphones,Eco-friendly,17.43,637.67,PM00301,DM00107,SP00301
PR00702,SE Desk Lamp,Innovative technology,2.8,873.59,PM00055,DM00083,SP00428
PR00703,High-Speed Drone,Sleek and modern,16.39,594.52,PM00147,DM00869,SP00185
PR00704,Ergonomic Nintendo,Ergonomic,14.6,64.09,PM00514,DM00221,SP00620
PR00705,Magnetic Router,Eco-friendly,19.37,264.62,PM00367,DM00001,SP00807
PR00706,Portable Power Bank,Innovative technology,18.37,236.11,PM00685,DM00504,SP00606
PR00707,Wireless Laptop,Compact design,2.75,466.01,PM00976,DM00105,SP00058
PR00708,Magnetic Smart Glasses,Sleek and modern,4.42,705.84,PM00638,DM00056,SP00723
PR00709,Wireless Keyboard,Ergonomic,13.28,831.69,PM00507,DM00397,SP00630
PR00710,SD Gaming Chair,Durable,12.59,97.16,PM00487,DM00220,SP00705
PR00711,High-Speed Gaming Chair,Energy efficient,19.67,334.4,PM00204,DM00317,SP00264
PR00712,Budget Earbuds,User-friendly,8.17,997.04,PM00272,DM00980,SP00193
PR00713,Dual-Screen Power Bank,Innovative technology,19.36,624.42,PM00661,DM00340,SP00638
PR00714,Ergonomic Recorder,High quality,9.78,205.19,PM00653,DM00438,SP00630
PR00715,Lite Headphones,Innovative technology,6.54,524.63,PM00504,DM00626,SP00811
PR00716,Multi-Function Drone,Sleek and modern,16.79,675.91,PM00033,DM00577,SP00447
PR00717,Touch Headphones,Energy efficient,12.12,25.31,PM00812,DM00880,SP00218
PR00718,Gaming Router,Sleek and modern,12.38,51.58,PM00513,DM00601,SP00199
PR00719,Foldable Drone,Durable,13.03,95.69,PM00513,DM00781,SP00241
PR00720,SE Smart Glasses,Durable,19.48,986.41,PM00566,DM00697,SP00496
PR00721,Waterproof Smart Glasses,Innovative technology,10.51,162.46,PM00366,DM00439,SP00653
PR00722,Ultra External Hard Drive,Ergonomic,7.71,768.36,PM00656,DM00563,SP00938
PR00723,Multi-Function External Hard Drive,Ergonomic,3.98,863.86,PM00540,DM00367,SP00660
PR00724,SE Headphones,Energy efficient,18.65,310.62,PM00953,DM00431,SP00478
PR00725,Slim Recorder,Innovative technology,7.06,216.8,PM00242,DM00755,SP00761
PR00726,Smart Desk Lamp,Compact design,6.82,606.97,PM00696,DM00017,SP00254
PR00727,AI-Powered Recorder,High quality,17.63,319.12,PM00466,DM00435,SP00099
PR00728,Rugged Smart Speaker,Eco-friendly,8.47,246.32,PM00591,DM00360,SP00942
PR00729,Waterproof Printer,Ergonomic,19.6,794.58,PM00341,DM00832,SP00840
PR00730,Waterproof Earbuds,High quality,7.75,52.34,PM00656,DM00344,SP00385
PR00731,Ultra-Light Keyboard,Durable,12.51,679.78,PM00887,DM00228,SP00301
PR00732,SE Desk Lamp,Compact design,12.46,146.6,PM00306,DM00566,SP00937
PR00733,Eco Action Cam,High quality,2.58,248.15,PM00362,DM00213,SP00099
PR00734,Mini Action Cam,Energy efficient,13.75,189.23,PM00828,DM00180,SP00663
PR00735,Gaming Fitness Tracker,Innovative technology,0.52,16.61,PM00050,DM00826,SP00334
PR00736,Foldable Monitor,Versatile use,11.38,874.41,PM00067,DM00134,SP00923
PR00737,Ultra Console,Sleek and modern,11.02,797.31,PM00839,DM00156,SP00450
PR00738,Eco External Hard Drive,Durable,14.65,682.67,PM00608,DM00437,SP00640
PR00739,AI-Powered Gaming Chair,Energy efficient,7.09,13.29,PM00639,DM00222,SP00752
PR00740,Ultra-Light Printer,Innovative technology,4.73,361.99,PM00652,DM00471,SP00747
PR00741,Mini Router,Compact design,4.5,790.47,PM00645,DM00330,SP00727
PR00742,Ultra Router,Durable,8.41,404.89,PM00256,DM00860,SP00360
PR00743,Foldable Gaming Chair,Eco-friendly,1.38,543.29,PM00988,DM00550,SP00374
PR00744,Compact Printer,Eco-friendly,14.99,859.62,PM00752,DM00130,SP00467
PR00745,Retro Nintendo,Eco-friendly,18.11,577.25,PM00153,DM00989,SP00161
PR00746,Touch eReader,Sleek and modern,17.08,166.06,PM00747,DM00416,SP00591
PR00747,Noise-Cancelling Power Bank,Eco-friendly,6.15,520.37,PM00906,DM00314,SP00131
PR00748,Ultra Mouse,Innovative technology,12.83,728.29,PM00556,DM00649,SP00553
PR00749,Rugged Smart Speaker,Durable,3.94,787.04,PM00703,DM00687,SP00211
PR00750,Multi-Function Smart Speaker,Innovative technology,15.34,183.31,PM00888,DM00157,SP00142
PR00751,Eco Mouse,Ergonomic,16.57,990.68,PM00859,DM00665,SP00853
PR00752,Eco VR Headset,User-friendly,16.09,765.57,PM00555,DM00722,SP00152
PR00753,Foldable Action Cam,Durable,15.51,647.98,PM00012,DM00035,SP00642
PR00754,Budget Console,Versatile use,14.71,896.66,PM00635,DM00139,SP00503
PR00755,Gaming Recorder,Sleek and modern,12.86,961.97,PM00922,DM00929,SP00317
PR00756,Rugged Laptop,Durable,8.52,337.61,PM00411,DM00421,SP00378
PR00757,SD Smart Speaker,Versatile use,8.57,844.24,PM00697,DM00049,SP00093
PR00758,Lite Headphones,High quality,8.98,679.34,PM00135,DM00926,SP00892
PR00759,Ultra Power Bank,Durable,8.29,433.87,PM00568,DM00752,SP00340
PR00760,Ultra Earbuds,Ergonomic,14.79,23.57,PM00036,DM00778,SP00299
PR00761,SE Gaming Chair,Sleek and modern,12.86,224.48,PM00140,DM00484,SP00240
PR00762,Noise-Cancelling Power Bank,Versatile use,6.83,630.7,PM00350,DM00967,SP00488
PR00763,Ultra eReader,Energy efficient,7.11,558.97,PM00042,DM00171,SP00231
PR00764,Pro Action Cam,Durable,9.23,627.16,PM00629,DM00718,SP00178
PR00765,Foldable Printer,Compact design,6.26,907.12,PM00483,DM00619,SP00073
PR00766,Ultra-Light Recorder,Eco-friendly,9.54,668.16,PM00239,DM00801,SP00026
PR00767,Ultra Fitness Tracker,Energy efficient,18.62,370.52,PM00816,DM00762,SP00429
PR00768,Portable Tablet,High quality,1.6,889.19,PM00340,DM00593,SP00737
PR00769,Ergonomic Desk Lamp,User-friendly,3.29,491.58,PM00702,DM00346,SP00695
PR00770,Portable VR Headset,Energy efficient,12.8,178.45,PM00394,DM00651,SP00178
PR00771,Ergonomic Nintendo,Compact design,3.58,292.17,PM00386,DM00137,SP00758
PR00772,Solar VR Headset,Eco-friendly,14.46,919.96,PM00377,DM00436,SP00704
PR00773,Ultra-Light Earbuds,Versatile use,3.39,341.68,PM00323,DM00868,SP00570
PR00774,Dual-Screen Drone,Ergonomic,9.77,176.67,PM00717,DM00509,SP00146
PR00775,Touch External Hard Drive,Versatile use,5.96,226.43,PM00418,DM00878,SP00300
PR00776,Ultra Printer,Energy efficient,19.29,60.52,PM00834,DM00074,SP00673
PR00777,Waterproof Laptop,Energy efficient,14.47,261.69,PM00542,DM00245,SP00100
PR00778,AI-Powered VR Headset,User-friendly,8.89,986.44,PM00166,DM00253,SP00653
PR00779,Multi-Function Printer,High quality,7.94,632.45,PM00133,DM00414,SP00548
PR00780,Dual-Screen Smartphone,Versatile use,14.51,794.95,PM00261,DM00773,SP00328
PR00781,Waterproof Smartphone,Eco-friendly,5.37,34.35,PM00218,DM00299,SP00941
PR00782,Rugged Smartwatch,Innovative technology,14.21,779.64,PM00899,DM00682,SP00105
PR00783,Compact Gaming Chair,Innovative technology,7.66,981,PM00625,DM00526,SP00142
PR00784,Budget VR Headset,Innovative technology,15.78,738.69,PM00998,DM00723,SP00457
PR00785,Noise-Cancelling Gaming Chair,Innovative technology,13.59,532.88,PM00443,DM00348,SP00541
PR00786,Waterproof External Hard Drive,Sleek and modern,13.41,423.16,PM00114,DM00161,SP00018
PR00787,Advanced Router,Ergonomic,6.17,727.76,PM00709,DM00382,SP00212
PR00788,Premium Keyboard,Innovative technology,8.77,845,PM00612,DM00084,SP00746
PR00789,Eco External Hard Drive,Compact design,17.4,668.84,PM00188,DM00160,SP00955
PR00790,High-Performance Smart Speaker,High quality,14.41,925.25,PM00771,DM00684,SP00970
PR00791,Dual-Screen Console,Innovative technology,6.46,685.32,PM00817,DM00364,SP00057
PR00792,Advanced Smart Speaker,Sleek and modern,12.2,68.59,PM00338,DM00217,SP00266
PR00793,Sleek Action Cam,Compact design,7.83,643.92,PM00812,DM00712,SP00104
PR00794,Smart Mouse,User-friendly,12.13,135.25,PM00895,DM00519,SP00185
PR00795,Premium eReader,Energy efficient,12.74,907.6,PM00390,DM00815,SP00660
PR00796,AI-Powered Smart Speaker,Durable,15.4,242.61,PM00292,DM00678,SP00724
PR00797,High-Performance Tablet,Eco-friendly,4.4,267.54,PM00053,DM00350,SP00324
PR00798,Pro Console,Ergonomic,15.71,703.49,PM00609,DM00575,SP00604
PR00799,High-Resolution Laptop,Compact design,4.71,975.1,PM00199,DM00300,SP00332
PR00800,Foldable VR Headset,Energy efficient,10.18,19.44,PM00374,DM00136,SP00005
PR00801,Ergonomic Monitor,High quality,13.74,594.13,PM00517,DM00908,SP00189
PR00802,AI-Powered Action Cam,User-friendly,7.3,443.08,PM00155,DM00623,SP00735
PR00803,Waterproof Drone,User-friendly,1.28,343.39,PM00057,DM00051,SP00585
PR00804,Heavy-Duty Power Bank,Compact design,18.21,82.68,PM00180,DM00108,SP00280
PR00805,Multi-Function Drone,Energy efficient,2.32,914.31,PM00545,DM00884,SP00352
PR00806,Solar Mouse,Durable,10.66,371.33,PM00115,DM00788,SP00827
PR00807,High-Resolution Camera,High quality,16.6,582.16,PM00371,DM00675,SP00205
PR00808,Premium eReader,Ergonomic,7.39,63.49,PM00975,DM00168,SP00947
PR00809,High-Speed Drone,Energy efficient,11.2,148.2,PM00790,DM00052,SP00336
PR00810,Eco Gaming Chair,User-friendly,3.85,880.3,PM00771,DM00398,SP00952
PR00811,Heavy-Duty Printer,Compact design,5.69,15.43,PM00122,DM00927,SP00358
PR00812,Compact Power Bank,Compact design,12.33,397.35,PM00741,DM00947,SP00990
PR00813,HD Earbuds,Innovative technology,12.83,485.1,PM00805,DM00116,SP00040
PR00814,Foldable Monitor,Durable,13.19,428.58,PM00033,DM00954,SP00401
PR00815,Ultra Keyboard,Durable,18.34,837.94,PM00912,DM00741,SP00503
PR00816,Retro Gaming Chair,Sleek and modern,2.99,932.84,PM00584,DM00737,SP00917
PR00817,Touch Mouse,Compact design,15.86,135.28,PM00400,DM00574,SP00985
PR00818,Touch Printer,Versatile use,2.23,201.63,PM00648,DM00337,SP00367
PR00819,Budget Camera,High quality,12.31,14.81,PM00865,DM00507,SP00812
PR00820,Slim Keyboard,Compact design,11.67,70.37,PM00350,DM00506,SP00293
PR00821,SE Laptop,Energy efficient,12.87,841.06,PM00598,DM00836,SP00183
PR00822,Heavy-Duty Power Bank,Eco-friendly,4.53,275.16,PM00471,DM00405,SP00293
PR00823,High-Performance Laptop,Durable,9.76,328.84,PM00355,DM00691,SP00777
PR00824,Compact Console,Energy efficient,18.27,264.4,PM00108,DM00707,SP00025
PR00825,Magnetic Earbuds,User-friendly,3.68,65.08,PM00541,DM00459,SP00879
PR00826,High-Resolution Smart Speaker,Ergonomic,3.12,640.59,PM00425,DM00534,SP00416
PR00827,High-Speed Smartphone,Compact design,15.14,500.24,PM00694,DM00559,SP00705
PR00828,Mini Console,Ergonomic,1.68,382.32,PM00268,DM00029,SP00988
PR00829,Portable Printer,Durable,9.26,268.49,PM00791,DM00949,SP00306
PR00830,Budget Power Bank,Ergonomic,9.71,88.3,PM00391,DM00975,SP00942
PR00831,Smart Power Bank,Energy efficient,2.06,291.04,PM00174,DM00655,SP00828
PR00832,Sleek Smart Speaker,Eco-friendly,13.76,432.74,PM00525,DM00079,SP00268
PR00833,Advanced Power Bank,High quality,5.84,58.38,PM00112,DM00763,SP00040
PR00834,SD Laptop,Durable,11.47,727.35,PM00691,DM00654,SP00070
PR00835,Smart Fitness Tracker,Versatile use,7.33,910.31,PM00087,DM00294,SP00834
PR00836,Ultra Headphones,Durable,9.31,98.67,PM00439,DM00501,SP00313
PR00837,Gaming Desk Lamp,Durable,15.39,334.08,PM00924,DM00689,SP00482
PR00838,Premium Camera,Versatile use,13.13,843.16,PM00006,DM00699,SP00512
PR00839,SE Console,Energy efficient,17.47,693.06,PM00669,DM00166,SP00730
PR00840,Smart Smart Glasses,Compact design,4.81,762.78,PM00476,DM00276,SP00506
PR00841,HD Smart Speaker,Sleek and modern,3.25,919.08,PM00348,DM00090,SP00511
PR00842,Multi-Function Recorder,Compact design,12,933.92,PM00547,DM00259,SP00510
PR00843,Smart Smart Glasses,High quality,14.65,110.69,PM00201,DM00694,SP00068
PR00844,Multi-Function Fitness Tracker,Durable,4.44,377.79,PM00516,DM00557,SP00272
PR00845,Eco VR Headset,Ergonomic,12.12,409.44,PM00943,DM00844,SP00360
PR00846,Vintage Printer,Ergonomic,4.61,667.07,PM00038,DM00524,SP00342
PR00847,Advanced Action Cam,User-friendly,5.34,845.49,PM00877,DM00487,SP00750
PR00848,Ultra-Light Mouse,High quality,11.08,199.37,PM00388,DM00972,SP00616
PR00849,Retro eReader,Ergonomic,5.05,53.92,PM00981,DM00613,SP00316
PR00850,Waterproof Smartphone,Durable,13.36,404.75,PM00620,DM00744,SP00222
PR00851,Solar Smart Speaker,Sleek and modern,2.67,881.13,PM00425,DM00984,SP00807
PR00852,Advanced Camera,User-friendly,4.25,154.51,PM00774,DM00818,SP00123
PR00853,Smart Smartwatch,Eco-friendly,16.31,716.68,PM00404,DM00410,SP00971
PR00854,Ergonomic Drone,Versatile use,1.68,860.33,PM00074,DM00044,SP00074
PR00855,Ultra Fitness Tracker,High quality,13.8,135.17,PM00883,DM00214,SP00782
PR00856,SE Earbuds,Innovative technology,3.47,83.03,PM00905,DM00692,SP00851
PR00857,Magnetic Gaming Chair,Energy efficient,3.42,18.08,PM00374,DM00872,SP00308
PR00858,Ultra Keyboard,Innovative technology,0.94,733.31,PM00879,DM00659,SP00091
PR00859,Advanced Power Bank,Energy efficient,7.51,73.37,PM00366,DM00599,SP00613
PR00860,Smart Power Bank,Innovative technology,11.25,254.63,PM00826,DM00126,SP00180
PR00861,Ultra Smart Speaker,Eco-friendly,3.44,503.72,PM00709,DM00305,SP00118
PR00862,Portable Printer,User-friendly,14.55,155.86,PM00486,DM00529,SP00180
PR00863,Lite Printer,Energy efficient,11.08,485.01,PM00170,DM00274,SP00179
PR00864,SE Action Cam,User-friendly,19.3,928.7,PM00673,DM00440,SP00694
PR00865,Foldable Power Bank,Energy efficient,18.95,19.04,PM00323,DM00748,SP00873
PR00866,High-Performance Router,Compact design,4.12,547.16,PM00840,DM00020,SP00347
PR00867,Eco Laptop,Sleek and modern,9.97,956.45,PM00024,DM00169,SP00023
PR00868,High-Performance Laptop,Durable,6.71,634.24,PM00290,DM00420,SP00348
PR00869,Ultra-Light Camera,Compact design,16.61,564.02,PM00213,DM00490,SP00428
PR00870,Pro Power Bank,High quality,9.41,581.34,PM00640,DM00283,SP00850
PR00871,HD Camera,Ergonomic,19.41,91.16,PM00877,DM00637,SP00103
PR00872,Portable Smart Speaker,Innovative technology,12.08,745.56,PM00755,DM00015,SP00737
PR00873,Rugged Console,Innovative technology,19.78,139.76,PM00471,DM00567,SP00656
PR00874,Multi-Function Smartphone,User-friendly,4.64,930.58,PM00020,DM00909,SP00460
PR00875,Waterproof Desk Lamp,Ergonomic,2.35,798.01,PM00165,DM00527,SP00790
PR00876,Waterproof Headphones,Sleek and modern,16.56,529.48,PM00837,DM00207,SP00046
PR00877,Foldable eReader,Eco-friendly,6.01,328.28,PM00236,DM00449,SP00374
PR00878,Slim Router,Energy efficient,7.37,890.05,PM00364,DM00945,SP00488
PR00879,Advanced Action Cam,Ergonomic,13.46,923.17,PM00095,DM00019,SP00790
PR00880,SD Smart Glasses,High quality,16.84,19.36,PM00211,DM00889,SP00370
PR00881,Rugged Mouse,Energy efficient,14.04,167.28,PM00517,DM00375,SP00773
PR00882,Sleek Printer,Compact design,1.51,738.33,PM00725,DM00885,SP00345
PR00883,Smart Power Bank,Ergonomic,10.12,679.67,PM00141,DM00546,SP00065
PR00884,SE Smart Glasses,Sleek and modern,8.99,667.16,PM00255,DM00709,SP00424
PR00885,Rugged Power Bank,User-friendly,18.13,862.09,PM00330,DM00609,SP00838
PR00886,Multi-Function Nintendo,Durable,12.89,576.05,PM00900,DM00163,SP00258
PR00887,Ultra Console,Ergonomic,5.76,216.38,PM00588,DM00082,SP00339
PR00888,Advanced Power Bank,Eco-friendly,6.57,555.06,PM00637,DM00472,SP00325
PR00889,Noise-Cancelling Keyboard,Ergonomic,9.55,640.23,PM00663,DM00138,SP00178
PR00890,Budget Desk Lamp,Energy efficient,6.66,330.37,PM00539,DM00796,SP00440
PR00891,AI-Powered Keyboard,Versatile use,14.84,243.75,PM00666,DM00734,SP00272
PR00892,Gaming Power Bank,Energy efficient,5.61,273.95,PM00463,DM00202,SP00047
PR00893,Compact Router,Energy efficient,16.34,933.35,PM00339,DM00622,SP00027
PR00894,Pro Desk Lamp,Energy efficient,11.05,864.75,PM00818,DM00444,SP00429
PR00895,Retro Smartwatch,Durable,19.28,702.61,PM00559,DM00341,SP00917
PR00896,Heavy-Duty Smart Speaker,High quality,17.98,431.71,PM00686,DM01000,SP00346
PR00897,Advanced Console,Durable,9.7,643.24,PM00005,DM00338,SP00148
PR00898,Foldable Gaming Chair,Versatile use,3.48,882.48,PM00084,DM00603,SP00554
PR00899,Waterproof Smart Glasses,Sleek and modern,5.36,645.38,PM00293,DM00848,SP00672
PR00900,Mini Action Cam,Energy efficient,9.48,355.91,PM00620,DM00041,SP00444
PR00901,Noise-Cancelling Gaming Chair,Versatile use,11.89,149.19,PM00089,DM00784,SP00819
PR00902,Vintage Camera,Ergonomic,6.64,163.86,PM00595,DM00933,SP00475
PR00903,Rugged Keyboard,Energy efficient,4.7,653.65,PM00345,DM00046,SP00501
PR00904,Ultra Gaming Chair,High quality,18.46,926.73,PM00871,DM00038,SP00531
PR00905,SE Console,High quality,16.83,962.94,PM00780,DM00721,SP00064
PR00906,Ultra Monitor,High quality,19.47,466.16,PM00922,DM00407,SP00529
PR00907,SD External Hard Drive,Ergonomic,3.16,389.31,PM00603,DM00808,SP00881
PR00908,High-Speed Mouse,Compact design,13.99,889.37,PM00744,DM00455,SP00182
PR00909,AI-Powered Headphones,Versatile use,19.74,880.23,PM00758,DM00418,SP00841
PR00910,Dual-Screen Router,Ergonomic,10.77,117.88,PM00860,DM00700,SP00163
PR00911,Wireless Smart Speaker,Eco-friendly,16.42,222.08,PM00166,DM00583,SP00544
PR00912,AI-Powered Smart Glasses,High quality,18.32,643.4,PM00166,DM00521,SP00124
PR00913,Gaming eReader,Innovative technology,7.21,35.82,PM00695,DM00068,SP00928
PR00914,Eco Console,User-friendly,6.78,382.35,PM00693,DM00828,SP00116
PR00915,Smart Recorder,Sleek and modern,4.27,228.5,PM00367,DM00495,SP00837
PR00916,HD Power Bank,High quality,9.81,974.91,PM00504,DM00746,SP00389
PR00917,Waterproof Drone,Innovative technology,16.44,38.57,PM00262,DM00492,SP00853
PR00918,High-Performance Smart Glasses,Sleek and modern,17.14,905.47,PM00507,DM00215,SP00092
PR00919,Ultra Mouse,Ergonomic,18.26,254.06,PM00311,DM00184,SP00187
PR00920,SE VR Headset,Energy efficient,11.07,715.23,PM00209,DM00292,SP00798
PR00921,HD External Hard Drive,Innovative technology,0.74,227.64,PM00752,DM00645,SP00321
PR00922,Touch Desk Lamp,Sleek and modern,6.69,313.05,PM00818,DM00564,SP00615
PR00923,Dual-Screen Laptop,Eco-friendly,19.44,382.85,PM00160,DM00255,SP00978
PR00924,Dual-Screen Desk Lamp,Innovative technology,11.68,838.95,PM00086,DM00928,SP00868
PR00925,Retro Keyboard,High quality,6.29,109.48,PM00197,DM00774,SP00254
PR00926,Ultra-Light Router,User-friendly,6.88,767.11,PM00151,DM00447,SP00413
PR00927,Vintage External Hard Drive,Compact design,3.17,941.91,PM00386,DM00042,SP00896
PR00928,AI-Powered Laptop,Durable,19.4,83.24,PM00132,DM00579,SP00713
PR00929,Waterproof Printer,Ergonomic,11.01,390.91,PM00275,DM00817,SP00725
PR00930,Ultra Console,Sleek and modern,7.34,883.75,PM00396,DM00476,SP00166
PR00931,Pro Fitness Tracker,Innovative technology,7.28,273.13,PM00214,DM00423,SP00625
PR00932,High-Speed Earbuds,Sleek and modern,16.62,806.24,PM00306,DM00146,SP00228
PR00933,Foldable Headphones,High quality,18.08,489.97,PM00182,DM00843,SP00782
PR00934,HD Smartwatch,Innovative technology,10.26,431.35,PM00661,DM00742,SP00704
PR00935,Ultra-Light Console,Sleek and modern,15.04,931.78,PM00512,DM00528,SP00660
PR00936,High-Speed Laptop,Ergonomic,18.21,989.71,PM00302,DM00776,SP00876
PR00937,Smart Smartphone,Innovative technology,5.33,708.04,PM00074,DM00683,SP00420
PR00938,SE Earbuds,Ergonomic,16.57,831.37,PM00110,DM00309,SP00759
PR00939,Sleek Printer,Sleek and modern,15.46,687.79,PM00484,DM00886,SP00833
PR00940,Dual-Screen Drone,Energy efficient,5.54,310.61,PM00370,DM00791,SP00677
PR00941,High-Resolution Smart Glasses,Durable,8.26,77.22,PM00648,DM00181,SP00706
PR00942,Compact Nintendo,Sleek and modern,12.42,825.87,PM00727,DM00372,SP00211
PR00943,Waterproof Monitor,Eco-friendly,9.9,568.27,PM00579,DM00164,SP00122
PR00944,SD Fitness Tracker,Compact design,9.12,662.25,PM00516,DM00918,SP00602
PR00945,HD Router,Ergonomic,11.16,94.68,PM00940,DM00450,SP00380
PR00946,Ultra Desk Lamp,Sleek and modern,14,436.26,PM00267,DM00996,SP00333
PR00947,Sleek Laptop,Compact design,9.64,922.28,PM00205,DM00939,SP00209
PR00948,Ergonomic Headphones,High quality,9.89,10.55,PM00942,DM00143,SP00405
PR00949,Dual-Screen Smartwatch,Durable,3.27,861.92,PM00398,DM00023,SP00102
PR00950,Slim Power Bank,Versatile use,13.78,339.69,PM00701,DM00408,SP00947
PR00951,Dual-Screen Smartphone,Innovative technology,19.14,673.66,PM00973,DM00596,SP00271
PR00952,Heavy-Duty External Hard Drive,Durable,9.34,514.59,PM00426,DM00133,SP00102
PR00953,Ultra Printer,Ergonomic,5.18,719.95,PM00914,DM00893,SP00867
PR00954,Solar Router,Innovative technology,16.69,767.63,PM00302,DM00727,SP00544
PR00955,Slim Smart Glasses,Ergonomic,4.14,193.26,PM00422,DM00838,SP00457
PR00956,Rugged eReader,Innovative technology,12.65,641.44,PM00443,DM00952,SP00696
PR00957,High-Speed Nintendo,Sleek and modern,2.04,237.88,PM00505,DM00617,SP00010
PR00958,Sleek eReader,Durable,2.34,593.79,PM00167,DM00901,SP00348
PR00959,Slim Camera,Compact design,13.73,943.28,PM00361,DM00115,SP00585
PR00960,Vintage Smartphone,Innovative technology,10.09,935.54,PM00238,DM00025,SP00479
PR00961,Lite Camera,Sleek and modern,4.08,112.48,PM00020,DM00131,SP00672
PR00962,High-Resolution Monitor,Ergonomic,7.68,484.12,PM00347,DM00573,SP00061
PR00963,Rugged Headphones,Innovative technology,6.79,600.43,PM00269,DM00935,SP00636
PR00964,Lite Mouse,User-friendly,17.42,154.1,PM00715,DM00867,SP00201
PR00965,SE Monitor,Sleek and modern,11.3,307.17,PM00362,DM00489,SP00540
PR00966,Ultra-Light Printer,Compact design,2.93,314.22,PM00974,DM00633,SP00479
PR00967,Heavy-Duty Monitor,Compact design,7.36,491.61,PM00449,DM00795,SP00732
PR00968,Vintage Camera,Compact design,0.9,432.63,PM00963,DM00357,SP00687
PR00969,AI-Powered Router,Energy efficient,8.51,794.57,PM00398,DM00275,SP00174
PR00970,Advanced Smart Speaker,Versatile use,13.76,289.92,PM00722,DM00080,SP00488
PR00971,Premium Fitness Tracker,Energy efficient,11.28,666.87,PM00978,DM00883,SP00418
PR00972,Premium Gaming Chair,High quality,16.62,40.81,PM00494,DM00329,SP00016
PR00973,High-Speed Desk Lamp,Energy efficient,15.63,975.71,PM00954,DM00024,SP00260
PR00974,Touch Gaming Chair,Versatile use,13.66,726.99,PM00704,DM00497,SP00004
PR00975,AI-Powered Gaming Chair,Energy efficient,19.53,810.85,PM00821,DM00324,SP00241
PR00976,Solar Recorder,Compact design,18.28,787.83,PM00756,DM00267,SP00207
PR00977,Lite Recorder,Sleek and modern,3.69,488.79,PM00035,DM00730,SP00684
PR00978,Smart Tablet,Ergonomic,16.42,238.51,PM00435,DM00685,SP00246
PR00979,Rugged Camera,Eco-friendly,17.26,17.17,PM00896,DM00620,SP00809
PR00980,High-Performance Laptop,Eco-friendly,3.93,671.98,PM00315,DM00033,SP00478
PR00981,Mini Fitness Tracker,Ergonomic,16.05,473.83,PM00660,DM00875,SP00409
PR00982,HD Headphones,Sleek and modern,16.57,382.36,PM00793,DM00211,SP00391
PR00983,Rugged Recorder,Energy efficient,0.54,767.81,PM00248,DM00349,SP00731
PR00984,Dual-Screen Headphones,User-friendly,5.92,390.01,PM00135,DM00170,SP00508
PR00985,Lite Action Cam,Sleek and modern,9.79,387.53,PM00541,DM00469,SP00744
PR00986,Compact Monitor,High quality,17.38,729.85,PM00040,DM00058,SP00031
PR00987,Sleek VR Headset,Ergonomic,14.27,920.44,PM00991,DM00036,SP00123
PR00988,Retro Camera,Durable,16.87,665.45,PM00799,DM00287,SP00851
PR00989,Mini External Hard Drive,Eco-friendly,19.05,619.61,PM00160,DM00674,SP00770
PR00990,Gaming Smartphone,User-friendly,9.86,286.93,PM00779,DM00931,SP00077
PR00991,Retro Action Cam,Versatile use,2.07,468.01,PM00088,DM00351,SP00620
PR00992,Mini Monitor,Energy efficient,17.22,239.8,PM00106,DM00005,SP00553
PR00993,SE External Hard Drive,Versatile use,8.65,163,PM00642,DM00924,SP00332
PR00994,Ultra Smart Speaker,Sleek and modern,8.19,709.48,PM00458,DM00747,SP00685
PR00995,Foldable External Hard Drive,Ergonomic,0.85,37.88,PM00618,DM00186,SP00194
PR00996,Gaming Console,Innovative technology,16.96,167.29,PM00442,DM00973,SP00296
PR00997,Portable Smart Glasses,Ergonomic,13.89,104.66,PM00267,DM00842,SP00258
PR00998,Touch Tablet,Compact design,0.71,248.22,PM00400,DM00354,SP00571
PR00999,Wireless Drone,Compact design,17.8,888.54,PM00662,DM00377,SP00402
PR01000,Solar Smart Speaker,Ergonomic,3.36,917.52,PM00487,DM00640,SP00898